PassengerId,Survived,Pclass,Name,Sex,Age,SibSp,Parch,Ticket,Fare,Cabin,Embarked
1,0,3,"Braund, Mr. Owen Harris",1,-0.5657364610748746,1,0,A/5 21171,-0.5024451714361923,,2
2,1,1,"Cumings, Mrs. John Bradley (Florence Briggs Thayer)",0,0.6638610320657843,1,0,PC 17599,0.7868452935884461,C85,0
3,1,3,"Heikkinen, Miss. Laina",0,-0.2583370877897099,0,0,STON/O2. 3101282,-0.4888542575852486,,2
4,1,1,"Futrelle, Mrs. Jacques Heath (Lily May Peel)",0,0.4333115021019107,1,0,113803,0.4207302360686478,C123,2
5,0,3,"Allen, Mr. William Henry",1,0.4333115021019107,0,0,373450,-0.4863374216869257,,2
6,0,3,"Moran, Mr. James",1,-0.10463740114712752,0,0,330877,-0.47811642890864375,,1
7,0,1,"McCarthy, Mr. Timothy J",1,1.893458525206443,0,0,17463,0.395813560675251,E46,2
8,0,3,"Palsson, Master. Gosta Leonard",1,-2.1027333275006983,3,1,349909,-0.22408312108167944,,2
9,1,3,"Johnson, Mrs. Oscar W (Elisabeth Vilhelmina Berg)",0,-0.1814872444684187,0,2,347742,-0.4242561406845337,,2
10,1,2,"Nasser, Mrs. Nicholas (Adele Achem)",0,-1.180535207645204,1,0,237736,-0.04295550208861426,,0
11,1,3,"Sandstrom, Miss. Marguerite Rut",0,-1.949033640858116,1,1,PP 9549,-0.312172377522981,G6,2
12,1,1,"Bonnell, Miss. Elizabeth",0,2.200857898491608,0,0,113783,-0.11384570873513637,C103,2
13,0,3,"Saundercock, Mr. William Henry",1,-0.719436147717457,0,0,A/5. 2151,-0.4863374216869257,,2
14,0,3,"Andersson, Mr. Anders Johan",1,0.7407108753870755,1,5,347082,-0.01870931177853076,,2
15,0,3,"Vestrom, Miss. Hulda Amanda Adolfina",0,-1.180535207645204,0,0,350406,-0.4902797934380587,,2
16,1,2,"Hewlett, Mrs. (Mary D Kingcome) ",0,1.9703083685277343,0,0,248706,-0.3262666585535892,,2
17,0,3,"Rice, Master. Eugene",1,-2.1027333275006983,4,1,382652,-0.06199888922968463,,1
18,1,2,"Williams, Mr. Charles Eugene",1,-0.10463740114712752,0,0,244373,-0.3866707201133388,,2
19,0,3,"Vander Planke, Mrs. Julius (Emelia Maria Vandemoortele)",0,0.12591212881674602,1,0,345763,-0.2859972841804228,,2
20,1,3,"Masselmani, Mrs. Fatima",0,-0.10463740114712752,0,0,2649,-0.5029485386158568,,0
21,0,2,"Fynney, Mr. Joseph J",1,0.4333115021019107,0,0,239865,-0.12491978668775715,,2
22,1,2,"Beesley, Mr. Lawrence",1,0.35646165878061953,0,0,248698,-0.3866707201133388,D56,2
23,1,3,"McGowan, Miss. Anna ""Annie""",0,-1.1036853643239128,0,0,330923,-0.4867562231804066,,1
24,1,1,"Sloper, Mr. William Thompson",1,-0.10463740114712752,0,0,113788,0.06635974158478332,A6,2
25,0,3,"Palsson, Miss. Torborg Danira",0,-1.6416342675729512,3,1,349909,-0.22408312108167944,,2
26,1,3,"Asplund, Mrs. Carl Oscar (Selma Augusta Emilia Johansson)",0,0.6638610320657843,1,5,347077,-0.016444159470040135,,2
27,0,3,"Emir, Mr. Farred Chehab",1,-0.10463740114712752,0,0,2631,-0.5029485386158568,,0
28,0,1,"Fortune, Mr. Charles Alexander",1,-0.7962859910387481,3,2,19950,4.647001076532463,C23 C25 C27,2
29,1,3,"O'Dwyer, Miss. Ellen ""Nellie""",0,-0.10463740114712752,0,0,330959,-0.48977642625839407,,1
30,0,3,"Todoroff, Mr. Lalio",1,-0.10463740114712752,0,0,349216,-0.4894421904510968,,2
31,0,1,"Uruchurtu, Don. Manuel E",1,0.8175607187083667,0,0,PC 17601,-0.09027201697708476,,0
32,1,1,"Spencer, Mrs. William Augustus (Marie Eugenie)",0,-0.10463740114712752,1,0,PC 17569,2.301728820789,B78,0
33,1,3,"Glynn, Miss. Mary Agatha",0,-0.10463740114712752,0,0,335677,-0.49237782784290063,,1
34,0,2,"Wheadon, Mr. Edward H",1,2.8156566450619374,0,0,C.A. 24579,-0.43700743807979686,,2
35,0,1,"Meyer, Mr. Edgar Joseph",1,-0.10463740114712752,1,0,PC 17604,1.0060617003323709,,0
36,0,1,"Holverson, Mr. Alexander Oskar",1,0.9712604053509489,1,0,113789,0.39858208016340624,,2
37,1,3,"Mamee, Mr. Hanna",1,-0.10463740114712752,0,0,2677,-0.5028639729296732,,0
38,0,3,"Cann, Mr. Ernest Charles",1,-0.6425863043961658,0,0,A./5. 2152,-0.4863374216869257,,2
39,0,3,"Vander Planke, Miss. Augusta Maria",0,-0.8731358343600393,2,0,345764,-0.2859972841804228,,2
40,1,3,"Nicola-Yarred, Miss. Jamila",0,-1.180535207645204,1,0,2651,-0.42207354059350805,,0
41,0,3,"Ahlin, Mrs. Johan (Johanna Persdotter Larsson)",0,0.8175607187083667,1,0,7546,-0.4576454924460446,,2
42,0,2,"Turpin, Mrs. William John Robert (Dorothy Ann Wonnacott)",0,-0.1814872444684187,1,0,11668,-0.22559322262067316,,2
43,0,3,"Kraeff, Mr. Theodor",1,-0.10463740114712752,0,0,349253,-0.4894421904510968,,0
44,1,2,"Laroche, Miss. Simonne Marie Anne Andree",0,-2.025883484179407,1,2,SC/Paris 2123,0.18876253192945994,,0
45,1,3,"Devaney, Miss. Margaret Delia",0,-0.7962859910387481,0,0,330958,-0.48977642625839407,,1
46,0,3,"Rogers, Mr. William John",1,-0.10463740114712752,0,0,S.C./A.4. 23567,-0.4863374216869257,,2
47,0,3,"Lennon, Mr. Denis",1,-0.10463740114712752,1,0,370371,-0.3363340021468808,,1
48,1,3,"O'Driscoll, Miss. Bridget",0,-0.10463740114712752,0,0,14311,-0.49237782784290063,,1
49,0,3,"Samaan, Mr. Youssef",1,-0.10463740114712752,2,0,2662,-0.21191774308354583,,0
50,0,3,"Arnold-Franchi, Mrs. Josef (Josefine Franchi)",0,-0.8731358343600393,1,0,349237,-0.29002422161773944,,2
51,0,3,"Panula, Master. Juha Niilo",1,-1.7184841108942424,4,1,3101295,0.1506737441786005,,2
52,0,3,"Nosworthy, Mr. Richard Cater",1,-0.6425863043961658,0,0,A/4. 39886,-0.4913710934835715,,2
53,1,1,"Harper, Mrs. Henry Sleeper (Myna Haxtun)",0,1.5092093085999871,1,0,PC 17572,0.8964967865378598,D33,0
54,1,2,"Faunthorpe, Mrs. Lizzie (Elizabeth Anne Wilkinson)",0,-0.027787557825836348,1,0,2926,-0.12491978668775715,,2
55,0,1,"Ostby, Mr. Engelhart Cornelius",1,2.738806801740646,0,1,113509,0.5995101505357573,B30,0
56,1,1,"Woolner, Mr. Hugh",1,-0.10463740114712752,0,0,19947,0.06635974158478332,C52,2
57,1,2,"Rugg, Miss. Emily",0,-0.6425863043961658,0,0,C.A. 31026,-0.43700743807979686,,2
58,0,3,"Novel, Mr. Mansouer",1,-0.06621247948648194,0,0,2697,-0.5028639729296732,,0
59,1,2,"West, Miss. Constance Mirium",0,-1.8721837975368247,1,2,C.A. 34651,-0.08968408411123653,,2
60,0,3,"Goodwin, Master. William Frederick",1,-1.4110847376090776,5,2,CA 2144,0.2958951755118318,,2
61,0,3,"Sirayanian, Mr. Orsen",1,-0.5657364610748746,0,0,2669,-0.5028639729296732,,0
62,1,1,"Icard, Miss. Amelie",0,0.6638610320657843,0,0,113572,0.962353321387736,B28,2
63,0,1,"Harris, Mr. Henry Birkhardt",1,1.2018099353148226,1,0,36973,1.0323213593611125,C83,2
64,0,3,"Skoog, Master. Harald",1,-1.949033640858116,3,2,347088,-0.08666388103324908,,2
65,0,1,"Stewart, Mr. Albert A",1,-0.10463740114712752,0,0,PC 17605,-0.09027201697708476,,0
66,1,3,"Moubarek, Master. Gerios",1,-0.10463740114712752,1,1,2661,-0.3414522396297103,,0
67,1,2,"Nye, Mrs. (Elizabeth Ramell)",0,-0.027787557825836348,0,0,C.A. 29395,-0.43700743807979686,F33,2
68,0,3,"Crease, Mr. Ernest James",1,-0.7962859910387481,0,0,S.P. 3464,-0.4841568350646187,,2
69,1,3,"Andersson, Miss. Erna Alexandra",0,-0.9499856776813305,4,2,3101281,-0.4888542575852486,,2
70,0,3,"Kink, Mr. Vincenz",1,-0.2583370877897099,2,0,315151,-0.47400492578514347,,2
71,0,2,"Jenkin, Mr. Stephen Curnow",1,0.20276197213803718,0,0,C.A. 33111,-0.43700743807979686,,2
72,0,3,"Goodwin, Miss. Lillian Amy",0,-1.0268355210026217,5,2,CA 2144,0.2958951755118318,,2
73,0,2,"Hood, Mr. Ambrose Jr",1,-0.6425863043961658,0,0,S.O.C. 14879,0.8314778546749452,,2
74,0,3,"Chronopoulos, Mr. Apostolos",1,-0.2583370877897099,1,0,2680,-0.3573908580066095,,0
75,1,3,"Bing, Mr. Lee",1,0.20276197213803718,0,0,1601,0.48910360681684706,,2
76,0,3,"Moen, Mr. Sigurd Hansen",1,-0.33518693111100106,0,0,348123,-0.494391296561559,F G73,2
77,0,3,"Staneff, Mr. Ivan",1,-0.10463740114712752,0,0,349208,-0.4894421904510968,,2
78,0,3,"Moutal, Mr. Rahamin Haim",1,-0.10463740114712752,0,0,374746,-0.4863374216869257,,2
79,1,2,"Caldwell, Master. Alden Gates",1,-2.192647644186609,0,2,248738,-0.06451572512800753,,2
80,1,3,"Dowdell, Miss. Elizabeth",0,0.04906228549545483,0,0,364516,-0.397241430886295,,2
81,0,3,"Waelens, Mr. Achille",1,-0.5657364610748746,0,0,345767,-0.46720946885967163,,2
82,1,3,"Sheerlinck, Mr. Jan Baptist",1,-0.027787557825836348,0,0,345779,-0.45714212526638004,,2
83,1,3,"McDermott, Miss. Brigdet Delia",0,-0.10463740114712752,0,0,330932,-0.49162277707340374,,1
84,0,1,"Carrau, Mr. Francisco M",1,-0.10463740114712752,0,0,113059,0.29992211294914856,,2
85,1,2,"Ilett, Miss. Bertha",0,-0.9499856776813305,0,0,SO/C 14885,-0.43700743807979686,,2
86,1,3,"Backstrom, Mrs. Karl Alfred (Maria Mathilda Gustafsson)",0,0.27961181545932834,3,0,3101278,-0.32928686163157667,,2
87,0,3,"Ford, Mr. William Neal",1,-1.0268355210026217,1,3,W./C. 6608,0.04370821849987721,,2
88,0,3,"Slocovski, Mr. Selman Francis",1,-0.10463740114712752,0,0,SOTON/OQ 392086,-0.4863374216869257,,2
89,1,1,"Fortune, Miss. Mabel Helen",0,-0.48888661775358344,3,2,19950,4.647001076532463,C23 C25 C27,2
90,0,3,"Celotti, Mr. Francesco",1,-0.41203677443229225,0,0,343275,-0.4863374216869257,,2
91,0,3,"Christmann, Mr. Emil",1,-0.027787557825836348,0,0,343276,-0.4863374216869257,,2
92,0,3,"Andreasson, Mr. Paul Edvin",1,-0.719436147717457,0,0,347466,-0.4902797934380587,,2
93,0,1,"Chaffee, Mr. Herbert Fuller",1,1.2786597786361138,1,0,W.E.P. 5734,0.5833178351003071,E31,2
94,0,3,"Dean, Mr. Bertram Frank",1,-0.2583370877897099,1,2,C.A. 2315,-0.23415046467497105,,2
95,0,3,"Coxon, Mr. Daniel",1,2.277707741812899,0,0,364500,-0.5024451714361923,,2
96,0,3,"Shorney, Mr. Charles Joseph",1,-0.10463740114712752,0,0,374910,-0.4863374216869257,,2
97,0,1,"Goldschmidt, Mr. George B",1,3.1999058616683933,0,0,PC 17754,0.0493298231623713,A5,0
98,1,1,"Greenfield, Mr. William Bertram",1,-0.48888661775358344,0,1,PC 17759,0.6272778976347743,D10 D12,0
99,1,2,"Doling, Mrs. John T (Ada Julia Bone)",0,0.35646165878061953,0,1,231919,-0.18532384824750675,,2
100,0,2,"Kantor, Mr. Sinai",1,0.35646165878061953,1,0,244367,-0.12491978668775715,,2
101,0,3,"Petranec, Miss. Matilda",0,-0.10463740114712752,0,0,349245,-0.4894421904510968,,2
102,0,3,"Petroff, Mr. Pastcho (""Pentcho"")",1,-0.10463740114712752,0,0,349215,-0.4894421904510968,,2
103,0,1,"White, Mr. Richard Frasar",1,-0.6425863043961658,0,1,35281,0.907737982394129,D26,2
104,0,3,"Johansson, Mr. Gustaf Joel",1,0.27961181545932834,0,0,7540,-0.4741720436887921,,2
105,0,3,"Gustafsson, Mr. Anders Vilhelm",1,0.5870111887444931,2,0,3101276,-0.4888542575852486,,2
106,0,3,"Mionoff, Mr. Stoytcho",1,-0.10463740114712752,0,0,349207,-0.4894421904510968,,2
107,1,3,"Salkjelsvik, Miss. Anna Kristine",0,-0.6425863043961658,0,0,343120,-0.494391296561559,,2
108,1,3,"Moss, Mr. Albert Johan",1,-0.10463740114712752,0,0,312991,-0.4918744606632361,,2
109,0,3,"Rekic, Mr. Tido",1,0.6638610320657843,0,0,349249,-0.4894421904510968,,2
110,1,3,"Moran, Miss. Bertha",0,-0.10463740114712752,1,0,371110,-0.1621689579829361,,1
111,0,1,"Porter, Mr. Walter Chamberlain",1,1.3555096219574048,0,0,110465,0.39858208016340624,C110,2
112,0,3,"Zabour, Miss. Hileni",0,-1.1421102859845584,1,0,2665,-0.3573908580066095,,0
113,0,3,"Barton, Mr. David John",1,-0.5657364610748746,0,0,324669,-0.4863374216869257,,2
114,0,3,"Jussila, Miss. Katriina",0,-0.719436147717457,1,0,4136,-0.4505983519307405,,2
115,0,3,"Attalah, Miss. Malake",0,-0.9499856776813305,0,0,2627,-0.3573083057891445,,0
116,0,3,"Pekoniemi, Mr. Edvard",1,-0.6425863043961658,0,0,STON/O 2. 3101294,-0.4888542575852486,,2
117,0,3,"Connors, Mr. Patrick",1,3.1614809400077477,0,0,370369,-0.49237782784290063,,1
118,0,2,"Turpin, Mr. William John Robert",1,-0.027787557825836348,1,0,11668,-0.22559322262067316,,2
119,0,1,"Baxter, Mr. Quigg Edmond",1,-0.41203677443229225,0,1,PC 17558,4.335332226633905,B58 B60,0
120,0,3,"Andersson, Miss. Ellis Anna Maria",0,-2.1027333275006983,4,2,347082,-0.01870931177853076,,2
121,0,2,"Hickman, Mr. Stanley George",1,-0.6425863043961658,2,0,S.O.C. 14879,0.8314778546749452,,2
122,0,3,"Moore, Mr. Leonard Charles",1,-0.10463740114712752,0,0,A4. 54510,-0.4863374216869257,,2
123,0,2,"Nasser, Mr. Nicholas",1,0.24118689379868277,1,0,237736,-0.04295550208861426,,0
124,1,2,"Webber, Miss. Susan",0,0.24118689379868277,0,0,27267,-0.3866707201133388,E101,2
125,0,1,"White, Mr. Percival Wayland",1,1.893458525206443,0,1,35281,0.907737982394129,D26,2
126,1,3,"Nicola-Yarred, Master. Elias",1,-1.3342348942877864,1,0,2651,-0.42207354059350805,,0
127,0,3,"McMahon, Mr. Martin",1,-0.10463740114712752,0,0,370372,-0.49237782784290063,,1
128,1,3,"Madsen, Mr. Fridtjof Arne",1,-0.41203677443229225,0,0,C 17369,-0.5046257580584992,,2
129,1,3,"Peter, Miss. Anna",0,-0.10463740114712752,1,1,2668,-0.19824427701513722,F E69,0
130,0,3,"Ekstrom, Mr. Johan",1,1.2018099353148226,0,0,347061,-0.5079822104125026,,2
131,0,3,"Drazenoic, Mr. Jozef",1,0.27961181545932834,0,0,349241,-0.4894421904510968,,0
132,0,3,"Coelho, Mr. Domingos Fernandeo",1,-0.719436147717457,0,0,SOTON/O.Q. 3101307,-0.5064721088735089,,2
133,0,3,"Robins, Mrs. Alexander A (Grace Charity Laury)",0,1.3555096219574048,1,0,A/5. 3337,-0.35646868933346404,,2
134,1,2,"Weisz, Mrs. Leopold (Mathilde Francoise Pede)",0,-0.027787557825836348,1,0,228414,-0.12491978668775715,,2
135,0,2,"Sobey, Mr. Samuel James Hayden",1,-0.33518693111100106,0,0,C.A. 29178,-0.3866707201133388,,2
136,0,2,"Richard, Mr. Emile",1,-0.48888661775358344,0,0,SC/PARIS 2133,-0.3454791770670269,,0
137,1,1,"Newsom, Miss. Helen Monypeny",0,-0.7962859910387481,0,2,11752,-0.11921562980779811,D47,2
138,0,1,"Futrelle, Mr. Jacques Heath",1,0.5870111887444931,1,0,113803,0.4207302360686478,C123,2
139,0,3,"Osen, Mr. Olaf Elon",1,-1.0268355210026217,0,0,7534,-0.4628462821463391,,2
140,0,1,"Giglio, Mr. Victor",1,-0.41203677443229225,0,0,PC 17593,0.9462455716384695,B86,0
141,0,3,"Boulos, Mrs. Joseph (Sultana)",0,-0.10463740114712752,0,2,2678,-0.3414522396297103,,0
142,1,3,"Nysten, Miss. Anna Sofia",0,-0.5657364610748746,0,0,347081,-0.49237782784290063,,2
143,1,3,"Hakkarainen, Mrs. Pekka Pietari (Elin Matilda Dolck)",0,-0.41203677443229225,1,0,STON/O2. 3101279,-0.32928686163157667,,2
144,0,3,"Burke, Mr. Jeremiah",1,-0.7962859910387481,0,0,365222,-0.5125125150294839,,1
145,0,2,"Andrew, Mr. Edgardo Samuel",1,-0.8731358343600393,0,0,231945,-0.41687275089321363,,2
146,0,2,"Nicholls, Mr. Joseph Charles",1,-0.7962859910387481,1,1,C.A. 33112,0.09152810056801232,,2
147,1,3,"Andersson, Mr. August Edvard (""Wennerstrom"")",1,-0.1814872444684187,0,0,350043,-0.49145565916975514,,2
148,0,3,"Ford, Miss. Robina Maggie ""Ruby""",0,-1.56478442425166,2,2,W./C. 6608,0.04370821849987721,,2
149,0,2,"Navratil, Mr. Michel (""Louis M Hoffman"")",1,0.5485862670838475,0,2,230080,-0.12491978668775715,F2,2
150,0,2,"Byles, Rev. Thomas Roussel Davids",1,0.9712604053509489,0,0,244310,-0.3866707201133388,,2
151,0,2,"Bateman, Rev. Robert James",1,1.6629089952425695,0,0,S.O.P. 1166,-0.39623469652696586,,2
152,1,1,"Pears, Mrs. Thomas (Edith Wearne)",0,-0.5657364610748746,1,0,113776,0.6925485130875209,C2,2
153,0,3,"Meo, Mr. Alfonzo",1,2.00873329018838,0,0,A.5. 11206,-0.4863374216869257,,2
154,0,3,"van Billiard, Mr. Austin Blyler",1,0.8559856403690123,0,2,A/5. 851,-0.35646868933346404,,2
155,0,3,"Olsen, Mr. Ole Martin",1,-0.10463740114712752,0,0,Fa 265302,-0.5011867534870308,,2
156,0,1,"Williams, Mr. Charles Duane",1,1.6629089952425695,0,1,PC 17597,0.5874293382238074,,0
157,1,3,"Gilnagh, Miss. Katherine ""Katie""",0,-1.0268355210026217,0,0,35851,-0.49271407711891657,,1
158,0,3,"Corn, Mr. Harry",1,0.04906228549545483,0,0,SOTON/OQ 392090,-0.4863374216869257,,2
159,0,3,"Smiljanic, Mr. Mile",1,-0.10463740114712752,0,0,315037,-0.47400492578514347,,2
160,0,3,"Sage, Master. Thomas Henry",1,-0.10463740114712752,8,2,CA. 2343,0.7519458402879414,,2
161,0,3,"Cribb, Mr. John Hatfield",1,1.1249600919935314,0,1,371362,-0.32425318983493084,,2
162,1,2,"Watt, Mrs. James (Elizabeth ""Bessie"" Inglis Milne)",0,0.8175607187083667,0,0,C.A. 33595,-0.331300330350235,,2
163,0,3,"Bengtsson, Mr. John Viktor",1,-0.2583370877897099,0,0,347068,-0.4918744606632361,,2
164,0,3,"Calic, Mr. Jovo",1,-0.9499856776813305,0,0,315093,-0.47400492578514347,,2
165,0,3,"Panula, Master. Eino Viljami",1,-2.1795831708219895,4,1,3101295,0.1506737441786005,,2
166,1,3,"Goldsmith, Master. Frank John William ""Frankie""",1,-1.56478442425166,0,2,363291,-0.2351571990343002,,2
167,1,1,"Chibnall, Mrs. (Edith Martha Bowerman)",0,-0.10463740114712752,0,1,113505,0.4589861417231558,E33,2
168,0,3,"Skoog, Mrs. William (Anna Bernhardina Karlsson)",0,1.2018099353148226,1,4,347088,-0.08666388103324908,,2
169,0,1,"Baumann, Mr. John D",1,-0.10463740114712752,0,0,PC 17318,-0.12642988822675086,,2
170,0,3,"Ling, Mr. Lee",1,-0.10463740114712752,0,0,1601,0.48910360681684706,,2
171,0,1,"Van der hoef, Mr. Wyckoff",1,2.4314074284554814,0,0,111240,0.026090367211616904,B19,2
172,0,3,"Rice, Master. Arthur",1,-1.949033640858116,4,1,382652,-0.06199888922968463,,1
173,1,3,"Johnson, Miss. Eleanor Ileen",0,-2.1795831708219895,1,1,347742,-0.4242561406845337,,2
174,0,3,"Sivola, Mr. Antti Wilhelm",1,-0.6425863043961658,0,0,STON/O 2. 3101280,-0.4888542575852486,,2
175,0,1,"Smith, Mr. James Clinch",1,2.0471582118490255,0,0,17764,-0.030371322596999754,A7,0
176,0,3,"Klasen, Mr. Klas Albin",1,-0.8731358343600393,1,1,350404,-0.4902797934380587,,2
177,0,3,"Lefebre, Master. Henry Forbes",1,-0.10463740114712752,3,1,4133,-0.13565761536436197,,2
178,0,1,"Isham, Miss. Ann Elizabeth",0,1.5860591519212783,0,0,PC 17595,-0.07030444769415023,C49,0
179,0,2,"Hale, Mr. Reginald",1,0.04906228549545483,0,0,250653,-0.3866707201133388,,2
180,0,3,"Leonard, Mr. Lionel",1,0.5101613454232019,0,0,LINE,-0.6484216535389205,,2
181,0,3,"Sage, Miss. Constance Gladys",0,-0.10463740114712752,8,2,CA. 2343,0.7519458402879414,,2
182,0,2,"Pernot, Mr. Rene",1,-0.10463740114712752,0,0,SC/PARIS 2131,-0.34539461138084326,,0
183,0,3,"Asplund, Master. Clarence Gustaf Hugo",1,-1.56478442425166,4,2,347077,-0.016444159470040135,,2
184,1,2,"Becker, Master. Richard F",1,-2.1795831708219895,2,1,230136,0.13683114673782454,F4,2
185,1,3,"Kink-Heilmann, Miss. Luise Gretchen",0,-1.949033640858116,0,2,315153,-0.20495516825442542,,2
186,0,1,"Rood, Mr. Hugh Roscoe",1,-0.10463740114712752,0,0,113767,0.3583127057902398,A32,2
187,1,3,"O'Brien, Mrs. Thomas (Johanna ""Hannah"" Godfrey)",0,-0.10463740114712752,1,0,370365,-0.3363340021468808,,1
188,1,1,"Romaine, Mr. Charles Hallace (""Mr C Rolmane"")",1,1.2018099353148226,0,0,111428,-0.11384570873513637,,2
189,0,3,"Bourke, Mr. John",1,0.8175607187083667,1,1,364849,-0.3363340021468808,,1
190,0,3,"Turcin, Mr. Stjepan",1,0.5101613454232019,0,0,349247,-0.4894421904510968,,2
191,1,2,"Pinsky, Mrs. (Rosa)",0,0.20276197213803718,0,0,234604,-0.3866707201133388,,2
192,0,2,"Carbines, Mr. William",1,-0.7962859910387481,0,0,28424,-0.3866707201133388,,2
193,1,3,"Andersen-Jensen, Miss. Carla Christine Nielsine",0,-0.7962859910387481,1,0,350046,-0.4902797934380587,,2
194,1,2,"Navratil, Master. Michel M",1,-2.025883484179407,1,1,230080,-0.12491978668775715,F2,2
195,1,1,"Brown, Mrs. James Joseph (Margaret Tobin)",0,1.1249600919935314,0,0,PC 17610,-0.09027201697708476,B4,0
196,1,1,"Lurette, Miss. Elise",0,2.200857898491608,0,0,PC 17569,2.301728820789,B80,0
197,0,3,"Mernagh, Mr. Robert",1,-0.10463740114712752,0,0,368703,-0.49237782784290063,,1
198,0,3,"Olsen, Mr. Karl Siegwart Andreas",1,0.9712604053509489,0,1,4579,-0.47920571548543794,,2
199,1,3,"Madigan, Miss. Margaret ""Maggie""",0,-0.10463740114712752,0,0,370370,-0.49237782784290063,,1
200,0,2,"Yrois, Miss. Henriette (""Mrs Harbeck"")",0,-0.41203677443229225,0,0,248747,-0.3866707201133388,,2
201,0,3,"Vande Walle, Mr. Nestor Cyriel",1,-0.10463740114712752,0,0,345770,-0.45714212526638004,,2
202,0,3,"Sage, Mr. Frederick",1,-0.10463740114712752,8,2,CA. 2343,0.7519458402879414,,2
203,0,3,"Johanson, Mr. Jakob Alfred",1,0.35646165878061953,0,0,3101264,-0.5176307525123133,,2
204,0,3,"Youseff, Mr. Gerious",1,1.2402348569754682,0,0,2628,-0.5029485386158568,,0
205,1,3,"Cohen, Mr. Gurshon ""Gus""",1,-0.8731358343600393,0,0,A/5 3540,-0.4863374216869257,,2
206,0,3,"Strom, Miss. Telma Matilda",0,-2.1027333275006983,0,1,347054,-0.43776248884929375,G6,2
207,0,3,"Backstrom, Mr. Karl Alfred",1,0.20276197213803718,1,0,3101278,-0.32928686163157667,,2
208,1,3,"Albimona, Mr. Nassef Cassem",1,-0.2583370877897099,0,0,2699,-0.2701412180209885,,0
209,1,3,"Carr, Miss. Helen ""Ellen""",0,-1.0268355210026217,0,0,367231,-0.49237782784290063,,1
210,1,1,"Blank, Mr. Henry",1,0.8175607187083667,0,0,112277,-0.024246350754841113,A31,0
211,0,3,"Ali, Mr. Ahmed",1,-0.41203677443229225,0,0,SOTON/O.Q. 3101311,-0.5064721088735089,,2
212,1,2,"Cameron, Miss. Clear Annie",0,0.4333115021019107,0,0,F.C.C. 13528,-0.22559322262067316,,2
213,0,3,"Perkin, Mr. John Henry",1,-0.5657364610748746,0,0,A/5 21174,-0.5024451714361923,,2
214,0,2,"Givard, Mr. Hans Kristensen",1,0.04906228549545483,0,0,250646,-0.3866707201133388,,2
215,0,3,"Kiernan, Mr. Philip",1,-0.10463740114712752,1,0,367229,-0.49237782784290063,,1
216,1,1,"Newell, Miss. Madeleine",0,0.12591212881674602,1,0,35273,1.6323350375212924,D36,0
217,1,3,"Honkanen, Miss. Eliina",0,-0.1814872444684187,0,0,STON/O2. 3101283,-0.4888542575852486,,2
218,0,2,"Jacobsohn, Mr. Sidney Samuel",1,0.9712604053509489,1,0,243847,-0.10478509950117394,,2
219,1,1,"Bazzani, Miss. Albina",0,0.20276197213803718,0,0,11813,0.8876878608937296,D15,0
220,0,2,"Harris, Mr. Walter",1,0.04906228549545483,0,0,W/C 14208,-0.43700743807979686,,2
221,1,3,"Sunderland, Mr. Victor Francis",1,-1.0268355210026217,0,0,SOTON/OQ 392089,-0.4863374216869257,,2
222,0,2,"Bracken, Mr. James H",1,-0.1814872444684187,0,0,220367,-0.3866707201133388,,2
223,0,3,"Green, Mr. George Henry",1,1.6629089952425695,0,0,21440,-0.4863374216869257,,2
224,0,3,"Nenkoff, Mr. Christo",1,-0.10463740114712752,0,0,349234,-0.4894421904510968,,2
225,1,1,"Hoyt, Mr. Frederick Maxfield",1,0.6638610320657843,1,0,19943,1.163700193253568,C93,2
226,0,3,"Berglund, Mr. Karl Ivar Sven",1,-0.5657364610748746,0,0,PP 4348,-0.4601623283443675,,2
227,1,2,"Mellors, Mr. William John",1,-0.7962859910387481,0,0,SW/PP 751,-0.43700743807979686,,2
228,0,3,"Lovell, Mr. John Hall (""Henry"")",1,-0.6810112260568114,0,0,A/5 21173,-0.5024451714361923,,2
229,0,2,"Fahlstrom, Mr. Arne Jonas",1,-0.8731358343600393,0,0,236171,-0.3866707201133388,,2
230,0,3,"Lefebre, Miss. Mathilde",0,-0.10463740114712752,3,1,4133,-0.13565761536436197,,2
231,1,1,"Harris, Mrs. Henry Birkhardt (Irene Wallach)",0,0.4333115021019107,1,0,36973,1.0323213593611125,C83,2
232,0,3,"Larsson, Mr. Bengt Edvin",1,-0.027787557825836348,0,0,347067,-0.4918744606632361,,2
233,0,2,"Sjostedt, Mr. Ernst Adolf",1,2.277707741812899,0,0,237442,-0.3766033765200472,,2
234,1,3,"Asplund, Miss. Lillian Gertrud",0,-1.8721837975368247,4,2,347077,-0.016444159470040135,,2
235,0,2,"Leyson, Mr. Robert William Norman",1,-0.41203677443229225,0,0,C.A. 29566,-0.43700743807979686,,2
236,0,3,"Harknett, Miss. Alice Phoebe",0,-0.10463740114712752,0,0,W./C. 6609,-0.49640476528021726,,2
237,0,2,"Hold, Mr. Stephen",1,1.1249600919935314,1,0,26707,-0.12491978668775715,,2
238,1,2,"Collyer, Miss. Marjorie ""Lottie""",0,-1.6416342675729512,0,2,C.A. 31921,-0.11988611489111134,,2
239,0,2,"Pengelly, Mr. Frederick William",1,-0.7962859910387481,0,0,28665,-0.43700743807979686,,2
240,0,2,"Hunt, Mr. George Henry",1,0.27961181545932834,0,0,SCO/W 1585,-0.4012683683236117,,2
241,0,3,"Zabour, Miss. Thamine",0,-0.10463740114712752,1,0,2665,-0.3573908580066095,,0
242,1,3,"Murphy, Miss. Katherine ""Kate""",0,-0.10463740114712752,1,0,367230,-0.3363340021468808,,1
243,0,2,"Coleridge, Mr. Reginald Charles",1,-0.027787557825836348,0,0,W./C. 14263,-0.43700743807979686,,2
244,0,3,"Maenpaa, Mr. Matti Alexanteri",1,-0.5657364610748746,0,0,STON/O 2. 3101275,-0.5049620073345151,,2
245,0,3,"Attalah, Mr. Sleiman",1,0.04906228549545483,0,0,2694,-0.5029485386158568,,0
246,0,1,"Minahan, Dr. William Edward",1,1.1249600919935314,2,0,19928,1.163700193253568,C78,1
247,0,3,"Lindahl, Miss. Agda Thorilda Viktoria",0,-0.33518693111100106,0,0,347071,-0.4918744606632361,,2
248,1,2,"Hamalainen, Mrs. William (Anna)",0,-0.41203677443229225,0,2,250649,-0.35646868933346404,,2
249,1,1,"Beckwith, Mr. Richard Leonard",1,0.5870111887444931,1,1,11751,0.40974072380221066,D35,2
250,0,2,"Carter, Rev. Ernest Courtenay",1,1.893458525206443,1,0,244252,-0.12491978668775715,,2
251,0,3,"Reed, Mr. James George",1,-0.10463740114712752,0,0,362316,-0.5024451714361923,,2
252,0,3,"Strom, Mrs. Wilhelm (Elna Matilda Persson)",0,-0.027787557825836348,1,1,347054,-0.43776248884929375,G6,2
253,0,1,"Stead, Mr. William Thomas",1,2.5082572717767726,0,0,113514,-0.11384570873513637,C87,2
254,0,3,"Lobb, Mr. William Arthur",1,0.04906228549545483,1,0,A/5. 3336,-0.32425318983493084,,2
255,0,3,"Rosblom, Mrs. Viktor (Helena Wilhelmina)",0,0.8944105620296577,0,2,370129,-0.2414492887801075,,2
256,1,3,"Touma, Mrs. Darwis (Hanne Youssef Razi)",0,-0.027787557825836348,0,2,2650,-0.3414522396297103,,0
257,1,1,"Thorne, Mrs. Gertrude Maybelle",0,-0.10463740114712752,0,0,PC 17585,0.9462455716384695,,0
258,1,1,"Cherry, Miss. Gladys",0,0.04906228549545483,0,0,110152,1.093228788100527,B77,2
259,1,1,"Ward, Miss. Anna",0,0.4333115021019107,0,0,PC 17755,9.667166525013505,,0
260,1,2,"Parrish, Mrs. (Lutie Davis)",0,1.5860591519212783,0,1,230433,-0.12491978668775715,,2
261,0,3,"Smith, Mr. Thomas",1,-0.10463740114712752,0,0,384461,-0.49237782784290063,,1
262,1,3,"Asplund, Master. Edvin Rojj Felix",1,-2.025883484179407,4,2,347077,-0.016444159470040135,,2
263,0,1,"Taussig, Mr. Emil",1,1.7397588385638607,1,1,110413,0.955306180872432,E67,2
264,0,1,"Harrison, Mr. William",1,0.8175607187083667,0,0,112059,-0.6484216535389205,B94,2
265,0,3,"Henry, Miss. Delia",0,-0.10463740114712752,0,0,382649,-0.49237782784290063,,1
266,0,2,"Reeves, Mr. David",1,0.5101613454232019,0,0,C.A. 17248,-0.43700743807979686,,2
267,0,3,"Panula, Mr. Ernesti Arvid",1,-1.0268355210026217,4,1,3101295,0.1506737441786005,,2
268,1,3,"Persson, Mr. Ernst Ulrik",1,-0.33518693111100106,1,0,347083,-0.4918744606632361,,2
269,1,1,"Graham, Mrs. William Thompson (Edith Junkins)",0,2.200857898491608,0,1,PC 17582,2.441497778832105,C125,2
270,1,1,"Bissette, Miss. Amelia",0,0.4333115021019107,0,0,PC 17760,2.0825124140450755,C99,2
271,0,1,"Cairns, Mr. Alexander",1,-0.10463740114712752,0,0,113798,-0.024246350754841113,,2
272,1,3,"Tornquist, Mr. William Henry",1,-0.33518693111100106,0,0,LINE,-0.6484216535389205,,2
273,1,2,"Mellinger, Mrs. (Elizabeth Anne Maidment)",0,0.8944105620296577,0,1,250644,-0.255795253400548,,2
274,0,1,"Natsch, Mr. Charles H",1,0.5870111887444931,0,1,PC 17596,-0.05042144409739929,C118,0
275,1,3,"Healy, Miss. Hanora ""Nora""",0,-0.10463740114712752,0,0,370375,-0.49237782784290063,,1
276,1,1,"Andrews, Miss. Kornelia Theodosia",0,2.585107115098064,1,0,13502,0.921244330558889,D7,2
277,0,3,"Lindblom, Miss. Augusta Charlotta",0,1.2018099353148226,0,0,347073,-0.49237782784290063,,2
278,0,2,"Parkes, Mr. Francis ""Frank""",1,-0.10463740114712752,0,0,239853,-0.6484216535389205,,2
279,0,3,"Rice, Master. Eric",1,-1.7184841108942424,4,1,382652,-0.06199888922968463,,1
280,1,3,"Abbott, Mrs. Stanton (Rosa Hunt)",0,0.4333115021019107,1,1,C.A. 2673,-0.24069423801061057,,2
281,0,3,"Duane, Mr. Frank",1,2.738806801740646,0,0,336439,-0.49237782784290063,,1
282,0,3,"Olsson, Mr. Nils Johan Goransson",1,-0.10463740114712752,0,0,347464,-0.4902797934380587,,2
283,0,3,"de Pelsmaeker, Mr. Alfons",1,-1.0268355210026217,0,0,345778,-0.45714212526638004,,2
284,1,3,"Dorking, Mr. Edward Arthur",1,-0.7962859910387481,0,0,A/5. 10482,-0.4863374216869257,,2
285,0,1,"Smith, Mr. Richard William",1,-0.10463740114712752,0,0,113056,-0.12491978668775715,A19,2
286,0,3,"Stankovic, Mr. Ivan",1,0.27961181545932834,0,0,349239,-0.47400492578514347,,0
287,1,3,"de Mulder, Mr. Theodore",1,0.04906228549545483,0,0,345774,-0.45714212526638004,,2
288,0,3,"Naidenoff, Mr. Penko",1,-0.5657364610748746,0,0,349206,-0.4894421904510968,,2
289,1,2,"Hosono, Mr. Masabumi",1,0.9712604053509489,0,0,237798,-0.3866707201133388,,2
290,1,3,"Connolly, Miss. Kate",0,-0.5657364610748746,0,0,370373,-0.49237782784290063,,1
291,1,1,"Barber, Miss. Ellen ""Nellie""",0,-0.2583370877897099,0,0,19877,0.9391984311231651,,2
292,1,1,"Bishop, Mrs. Dickinson H (Helen Walton)",0,-0.7962859910387481,1,0,11967,1.1854295476653287,B49,0
293,0,2,"Levy, Mr. Rene Jacques",1,0.5101613454232019,0,0,SC/Paris 2163,-0.3891875560116617,D,0
294,0,3,"Haas, Miss. Aloisia",0,-0.41203677443229225,0,0,349236,-0.4702296719376591,,2
295,0,3,"Mineff, Mr. Ivan",1,-0.41203677443229225,0,0,349233,-0.4894421904510968,,2
296,0,1,"Lewy, Mr. Ervin G",1,-0.10463740114712752,0,0,PC 17612,-0.09027201697708476,,0
297,0,3,"Hanna, Mr. Mansour",1,-0.45046169609293785,0,0,2693,-0.5028639729296732,,0
298,0,1,"Allison, Miss. Helen Loraine",0,-2.1027333275006983,1,2,113781,2.4029901895877646,C22 C26,2
299,1,1,"Saalfeld, Mr. Adolphe",1,-0.10463740114712752,0,0,19988,-0.034313694348132716,C106,2
300,1,1,"Baxter, Mrs. James (Helene DeLaudeniere Chaput)",0,1.5860591519212783,0,1,PC 17558,4.335332226633905,B58 B60,0
301,1,3,"Kelly, Miss. Anna Katherine ""Annie Kate""",0,-0.10463740114712752,0,0,9234,-0.49237782784290063,,1
302,1,3,"McCoy, Mr. Bernard",1,-0.10463740114712752,2,0,367226,-0.18029017645086096,,1
303,0,3,"Johnson, Mr. William Cahoone Jr",1,-0.7962859910387481,0,0,LINE,-0.6484216535389205,,2
304,1,2,"Keane, Miss. Nora A",0,-0.10463740114712752,0,0,226593,-0.3997582667846179,E101,1
305,0,3,"Williams, Mr. Howard Hugh ""Harry""",1,-0.10463740114712752,0,0,A/5 2466,-0.4863374216869257,,2
306,1,1,"Allison, Master. Hudson Trevor",1,-2.1857311582876924,1,2,113781,2.4029901895877646,C22 C26,2
307,1,1,"Fleming, Miss. Margaret",0,-0.10463740114712752,0,0,17421,1.5841789061771412,,0
308,1,1,"Penasco y Castellana, Mrs. Victor de Satode (Maria Josefa Perez de Soto y Vallejo)",0,-0.9499856776813305,1,0,PC 17758,1.5442457810799908,C65,0
309,0,2,"Abelson, Mr. Samuel",1,0.04906228549545483,1,0,P/PP 3381,-0.16518916106092355,,0
310,1,1,"Francatelli, Miss. Laura Mabel",0,0.04906228549545483,0,0,PC 17485,0.49782998024351216,E36,0
311,1,1,"Hays, Miss. Margaret Bechstein",0,-0.41203677443229225,0,0,11767,1.0259447039291216,C54,0
312,1,1,"Ryerson, Miss. Emily Borie",0,-0.8731358343600393,2,2,PC 17608,4.634416897040849,B57 B59 B63 B66,0
313,0,2,"Lahtinen, Mrs. William (Anna Sylfven)",0,-0.2583370877897099,1,1,250651,-0.12491978668775715,,2
314,0,3,"Hendekovic, Mr. Ignjac",1,-0.10463740114712752,0,0,349243,-0.4894421904510968,,2
315,0,2,"Hart, Mr. Benjamin",1,1.0481102486722402,1,1,F.C.C. 13529,-0.11988611489111134,,2
316,1,3,"Nilsson, Miss. Helmina Josefina",0,-0.2583370877897099,0,0,347470,-0.4902797934380587,,2
317,1,2,"Kantor, Mrs. Sinai (Miriam Sternin)",0,-0.41203677443229225,1,0,244367,-0.12491978668775715,,2
318,0,2,"Moraweck, Dr. Ernest",1,1.893458525206443,0,0,29011,-0.36653603292675563,,2
319,1,1,"Wick, Miss. Mary Natalie",0,0.12591212881674602,0,2,36928,2.671117778445337,C7,2
320,1,1,"Spedden, Mrs. Frederic Oakley (Margaretta Corning Stone)",0,0.8175607187083667,1,1,16966,2.059693773056521,E34,0
321,0,3,"Dennis, Mr. Samuel",1,-0.5657364610748746,0,0,A/5 21172,-0.5024451714361923,,2
322,0,3,"Danoff, Mr. Yoto",1,-0.1814872444684187,0,0,349219,-0.4894421904510968,,2
323,1,2,"Slayter, Miss. Hilda Mary",0,0.04906228549545483,0,0,234818,-0.3997582667846179,,1
324,1,2,"Caldwell, Mrs. Albert Francis (Sylvia Mae Harbaugh)",0,-0.5657364610748746,1,1,248738,-0.06451572512800753,,2
325,0,3,"Sage, Mr. George John Jr",1,-0.10463740114712752,8,2,CA. 2343,0.7519458402879414,,2
326,1,1,"Young, Miss. Marie Grice",0,0.5101613454232019,0,0,PC 17760,2.0825124140450755,C32,0
327,0,3,"Nysveen, Mr. Johan Hansen",1,2.4314074284554814,0,0,345364,-0.5228315422126077,,2
328,1,2,"Ball, Mrs. (Ada E Hall)",0,0.5101613454232019,0,0,28551,-0.3866707201133388,D,2
329,1,3,"Goldsmith, Mrs. Frank John (Emily Alice Brown)",0,0.12591212881674602,1,1,363291,-0.2351571990343002,,2
330,1,1,"Hippach, Miss. Jean Gertrude",0,-1.0268355210026217,0,1,111361,0.5189714017894245,B18,0
331,1,3,"McCoy, Miss. Agnes",0,-0.10463740114712752,2,0,367226,-0.18029017645086096,,1
332,0,1,"Partner, Mr. Austen",1,1.2402348569754682,0,0,113043,-0.07458306872129913,C124,2
333,0,1,"Graham, Mr. George Edward",1,0.6638610320657843,0,1,PC 17582,2.441497778832105,C91,2
334,0,3,"Vander Planke, Mr. Leo Edmondus",1,-1.0268355210026217,2,0,345764,-0.2859972841804228,,2
335,1,1,"Frauenthal, Mrs. Henry William (Clara Heinsheimer)",0,-0.10463740114712752,1,0,PC 17611,2.042579288947925,,2
336,0,3,"Denkoff, Mr. Mitto",1,-0.10463740114712752,0,0,349225,-0.4894421904510968,,2
337,0,1,"Pears, Mr. Thomas Clinton",1,-0.027787557825836348,1,0,113776,0.6925485130875209,C2,2
338,1,1,"Burns, Miss. Elizabeth Margaret",0,0.8944105620296577,0,0,16966,2.059693773056521,E40,0
339,1,3,"Dahl, Mr. Karl Edwart",1,1.2018099353148226,0,0,7598,-0.4863374216869257,,2
340,0,1,"Blackwell, Mr. Stephen Weart",1,1.2018099353148226,0,0,113784,0.06635974158478332,T,2
341,1,2,"Navratil, Master. Edmond Roger",1,-2.1027333275006983,1,1,230080,-0.12491978668775715,F2,2
342,1,1,"Fortune, Miss. Alice Elizabeth",0,-0.41203677443229225,3,2,19950,4.647001076532463,C23 C25 C27,2
343,0,2,"Collander, Mr. Erik Gustaf",1,-0.10463740114712752,0,0,248740,-0.3866707201133388,,2
344,0,2,"Sedgwick, Mr. Charles Frederick Waddington",1,-0.33518693111100106,0,0,244361,-0.3866707201133388,,2
345,0,2,"Fox, Mr. Stanley Hubert",1,0.5101613454232019,0,0,229236,-0.3866707201133388,,2
346,1,2,"Brown, Miss. Amelia ""Mildred""",0,-0.41203677443229225,0,0,248733,-0.3866707201133388,F33,2
347,1,2,"Smith, Miss. Marion Elsie",0,0.8175607187083667,0,0,31418,-0.3866707201133388,,2
348,1,3,"Davison, Mrs. Thomas Henry (Mary E Finck)",0,-0.10463740114712752,1,0,386525,-0.32425318983493084,,2
349,1,3,"Coutts, Master. William Loch ""William""",1,-2.025883484179407,1,1,C.A. 37671,-0.32828012727224753,,2
350,0,3,"Dimic, Mr. Jovan",1,0.9712604053509489,0,0,315088,-0.47400492578514347,,2
351,0,3,"Odahl, Mr. Nils Martin",1,-0.48888661775358344,0,0,7267,-0.4626791642426904,,2
352,0,1,"Williams-Lambert, Mr. Fletcher Fellows",1,-0.10463740114712752,0,0,113510,0.05629239799149171,C128,2
353,0,3,"Elias, Mr. Tannous",1,-1.1036853643239128,1,1,2695,-0.5028639729296732,,0
354,0,3,"Arnold-Franchi, Mr. Josef",1,-0.33518693111100106,1,0,349237,-0.29002422161773944,,2
355,0,3,"Yousif, Mr. Wazli",1,-0.10463740114712752,0,0,2647,-0.5029485386158568,,0
356,0,3,"Vanden Steen, Mr. Leo Peter",1,-0.10463740114712752,0,0,345783,-0.45714212526638004,,2
357,1,1,"Bowerman, Miss. Elsie Edith",0,-0.5657364610748746,0,1,113505,0.4589861417231558,E33,2
358,0,2,"Funk, Miss. Annie Clemmer",0,0.6638610320657843,0,0,237671,-0.3866707201133388,,2
359,1,3,"McGovern, Miss. Mary",0,-0.10463740114712752,0,0,330931,-0.48977642625839407,,1
360,1,3,"Mockler, Miss. Helen Mary ""Ellie""",0,-0.10463740114712752,0,0,330980,-0.48977642625839407,,1
361,0,3,"Skoog, Mr. Wilhelm",1,0.8175607187083667,1,4,347088,-0.08666388103324908,,2
362,0,2,"del Carlo, Mr. Sebastiano",1,-0.027787557825836348,1,0,SC/PARIS 2167,-0.09027201697708476,,0
363,0,3,"Barbara, Mrs. (Catherine David)",0,1.2018099353148226,0,1,2691,-0.3573908580066095,,0
364,0,3,"Asim, Mr. Adola",1,0.4333115021019107,0,0,SOTON/O.Q. 3101310,-0.5064721088735089,,2
365,0,3,"O'Brien, Mr. Thomas",1,-0.10463740114712752,1,0,370365,-0.3363340021468808,,1
366,0,3,"Adahl, Mr. Mauritz Nils Martin",1,0.04906228549545483,0,0,C 7076,-0.5024451714361923,,2
367,1,1,"Warren, Mrs. Frank Manley (Anna Sophia Atkinson)",0,2.3545575851341902,1,0,110813,0.8667135572514657,D37,0
368,1,3,"Moussa, Mrs. (Mantoura Boulos)",0,-0.10463740114712752,0,0,2626,-0.5028639729296732,,0
369,1,3,"Jermyn, Miss. Annie",0,-0.10463740114712752,0,0,14313,-0.49237782784290063,,1
370,1,1,"Aubart, Mme. Leontine Pauline",0,-0.41203677443229225,0,0,PC 17477,0.7469121684912956,B35,0
371,1,1,"Harder, Mr. George Achilles",1,-0.33518693111100106,1,0,11765,0.4678796330534696,E50,0
372,0,3,"Wiklund, Mr. Jakob Alfred",1,-0.8731358343600393,1,0,3101267,-0.5176307525123133,,2
373,0,3,"Beavan, Mr. William Thomas",1,-0.7962859910387481,0,0,323951,-0.4863374216869257,,2
374,0,1,"Ringhini, Mr. Sante",1,-0.5657364610748746,0,0,PC 17760,2.0825124140450755,,0
375,0,3,"Palsson, Miss. Stina Viola",0,-2.025883484179407,3,1,349909,-0.22408312108167944,,2
376,1,1,"Meyer, Mrs. Edgar Joseph (Leila Saks)",0,-0.10463740114712752,1,0,PC 17604,1.0060617003323709,,0
377,1,3,"Landergren, Miss. Aurora Adelia",0,-0.5657364610748746,0,0,C 7077,-0.5024451714361923,,2
378,0,1,"Widener, Mr. Harry Elkins",1,-0.1814872444684187,0,2,113503,3.610064686423428,C82,0
379,0,3,"Betros, Mr. Tannous",1,-0.719436147717457,0,0,2648,-0.5676312212027554,,0
380,0,3,"Gustafsson, Mr. Karl Gideon",1,-0.7962859910387481,0,0,347069,-0.4918744606632361,,2
381,1,1,"Bidois, Miss. Rosalie",0,0.9712604053509489,0,0,PC 17757,3.9327230485884233,,0
382,1,3,"Nakid, Miss. Maria (""Mary"")",0,-2.1795831708219895,0,2,2653,-0.33146744825388363,,0
383,0,3,"Tikkanen, Mr. Juho",1,0.20276197213803718,0,0,STON/O 2. 3101293,-0.4888542575852486,,2
384,1,1,"Holverson, Mrs. Alexander Oskar (Mary Aline Towner)",0,0.4333115021019107,1,0,113789,0.39858208016340624,,2
385,0,3,"Plotcharsky, Mr. Vasil",1,-0.10463740114712752,0,0,349227,-0.4894421904510968,,2
386,0,2,"Davies, Mr. Charles Henry",1,-0.8731358343600393,0,0,S.O.C. 14879,0.8314778546749452,,2
387,0,3,"Goodwin, Master. Sidney Leonard",1,-2.1795831708219895,5,2,CA 2144,0.2958951755118318,,2
388,1,2,"Buss, Miss. Kate",0,0.5101613454232019,0,0,27849,-0.3866707201133388,,2
389,0,3,"Sadlier, Mr. Matthew",1,-0.10463740114712752,0,0,367655,-0.49279662933638163,,1
390,1,2,"Lehmann, Miss. Bertha",0,-0.9499856776813305,0,0,SC 1748,-0.40680540729992204,,0
391,1,1,"Carter, Mr. William Ernest",1,0.5101613454232019,1,2,113760,1.7677408088510642,B96 B98,2
392,1,3,"Jansson, Mr. Carl Olof",1,-0.6425863043961658,0,0,350034,-0.49145565916975514,,2
393,0,3,"Gustafsson, Mr. Johan Birger",1,-0.10463740114712752,2,0,3101277,-0.4888542575852486,,2
394,1,1,"Newell, Miss. Marjorie",0,-0.48888661775358344,1,0,35273,1.6323350375212924,D36,0
395,1,3,"Sandstrom, Mrs. Hjalmar (Agnes Charlotta Bengtsson)",0,-0.41203677443229225,0,2,PP 9549,-0.312172377522981,G6,2
396,0,3,"Johansson, Mr. Erik",1,-0.5657364610748746,0,0,350052,-0.49145565916975514,,2
397,0,3,"Olsson, Miss. Elina",0,0.12591212881674602,0,0,350407,-0.4902797934380587,,2
398,0,2,"McKane, Mr. Peter David",1,1.2786597786361138,0,0,28403,-0.12491978668775715,,2
399,0,2,"Pain, Dr. Alfred",1,-0.48888661775358344,0,0,244278,-0.43700743807979686,,2
400,1,2,"Trout, Mrs. William H (Jessie L)",0,-0.10463740114712752,0,0,240929,-0.393717860628643,,2
401,1,3,"Niskanen, Mr. Juha",1,0.7407108753870755,0,0,STON/O 2. 3101289,-0.4888542575852486,,2
402,0,3,"Adams, Mr. John",1,-0.2583370877897099,0,0,341826,-0.4863374216869257,,2
403,0,3,"Jussila, Miss. Mari Aina",0,-0.6425863043961658,1,0,4137,-0.4505983519307405,,2
404,0,3,"Hakkarainen, Mr. Pekka Pietari",1,-0.10463740114712752,1,0,STON/O2. 3101279,-0.32928686163157667,,2
405,0,3,"Oreskovic, Miss. Marija",0,-0.719436147717457,0,0,315096,-0.47400492578514347,,2
406,0,2,"Gale, Mr. Shadrach",1,0.35646165878061953,1,0,28664,-0.22559322262067316,,2
407,0,3,"Widegren, Mr. Carl/Charles Peter",1,1.6629089952425695,0,0,347064,-0.49237782784290063,,2
408,1,2,"Richards, Master. William Rowe",1,-2.025883484179407,1,1,29106,-0.2708962687904854,,2
409,0,3,"Birkeland, Mr. Hans Martin Monsen",1,-0.6425863043961658,0,0,312992,-0.4918744606632361,,2
410,0,3,"Lefebre, Miss. Ida",0,-0.10463740114712752,3,1,4133,-0.13565761536436197,,2
411,0,3,"Sdycoff, Mr. Todor",1,-0.10463740114712752,0,0,349222,-0.4894421904510968,,2
412,0,3,"Hart, Mr. Henry",1,-0.10463740114712752,0,0,394140,-0.5103319284071769,,1
413,1,1,"Minahan, Miss. Daisy E",0,0.27961181545932834,1,0,19928,1.163700193253568,C78,1
414,0,2,"Cunningham, Mr. Alfred Fleming",1,-0.10463740114712752,0,0,239853,-0.6484216535389205,,2
415,1,3,"Sundman, Mr. Johan Julian",1,1.1249600919935314,0,0,STON/O 2. 3101269,-0.4888542575852486,,2
416,0,3,"Meek, Mrs. Thomas (Annie Louise Rowley)",0,-0.10463740114712752,0,0,343095,-0.4863374216869257,,2
417,1,2,"Drew, Mrs. James Vivian (Lulu Thorne Christian)",0,0.35646165878061953,1,1,28220,0.005955680025033696,,2
418,1,2,"Silven, Miss. Lyyli Karoliina",0,-0.8731358343600393,0,2,250652,-0.3866707201133388,,2
419,0,2,"Matthews, Mr. William John",1,0.04906228549545483,0,0,28228,-0.3866707201133388,,2
420,0,3,"Van Impe, Miss. Catharina",0,-1.4879345809303688,0,2,345773,-0.1621689579829361,,2
421,0,3,"Gheorgheff, Mr. Stanio",1,-0.10463740114712752,0,0,349254,-0.4894421904510968,,0
422,0,3,"Charters, Mr. David",1,-0.6425863043961658,0,0,A/5. 13032,-0.49271407711891657,,1
423,0,3,"Zimmerman, Mr. Leo",1,-0.027787557825836348,0,0,315082,-0.4898609919445778,,2
424,0,3,"Danbom, Mrs. Ernst Gilbert (Anna Sigrid Maria Brogren)",0,-0.10463740114712752,1,1,347080,-0.35848215805212236,,2
425,0,3,"Rosblom, Mr. Viktor Richard",1,-0.8731358343600393,1,1,370129,-0.2414492887801075,,2
426,0,3,"Wiseman, Mr. Phillippe",1,-0.10463740114712752,0,0,A/4. 34244,-0.5024451714361923,,2
427,1,2,"Clarke, Mrs. Charles V (Ada Maria Winfield)",0,-0.10463740114712752,1,0,2003,-0.12491978668775715,,2
428,1,2,"Phillips, Miss. Kate Florence (""Mrs Kate Louise Phillips Marshall"")",0,-0.7962859910387481,0,0,250655,-0.12491978668775715,,2
429,0,3,"Flynn, Mr. James",1,-0.10463740114712752,0,0,364851,-0.49237782784290063,,1
430,1,3,"Pickard, Mr. Berk (Berk Trembisky)",1,0.20276197213803718,0,0,SOTON/O.Q. 392078,-0.4863374216869257,E10,2
431,1,1,"Bjornstrom-Steffansson, Mr. Mauritz Hakan",1,-0.10463740114712752,0,0,110564,-0.11384570873513637,C52,2
432,1,3,"Thorneycroft, Mrs. Percival (Florence Kate White)",0,-0.10463740114712752,1,0,376564,-0.32425318983493084,,2
433,1,2,"Louch, Mrs. Charles Alexander (Alice Adelaide Slow)",0,0.9712604053509489,1,0,SC/AH 3085,-0.12491978668775715,,2
434,0,3,"Kallio, Mr. Nikolai Erland",1,-0.9499856776813305,0,0,STON/O 2. 3101274,-0.5049620073345151,,2
435,0,1,"Silvey, Mr. William Baird",1,1.5860591519212783,1,0,13507,0.4771073601910807,E44,2
436,1,1,"Carter, Miss. Lucile Polk",0,-1.180535207645204,1,2,113760,1.7677408088510642,B96 B98,2
437,0,3,"Ford, Miss. Doolina Margaret ""Daisy""",0,-0.6425863043961658,2,2,W./C. 6608,0.04370821849987721,,2
438,1,2,"Richards, Mrs. Sidney (Emily Hocking)",0,-0.41203677443229225,2,3,29106,-0.2708962687904854,,2
439,0,1,"Fortune, Mr. Mark",1,2.661956958419355,1,4,19950,4.647001076532463,C23 C25 C27,2
440,0,2,"Kvillner, Mr. Johan Henrik Johannesson",1,0.12591212881674602,0,0,C.A. 18723,-0.43700743807979686,,2
441,1,2,"Hart, Mrs. Benjamin (Esther Ada Bloomfield)",0,1.2018099353148226,1,1,F.C.C. 13529,-0.11988611489111134,,2
442,0,3,"Hampe, Mr. Leon",1,-0.719436147717457,0,0,345769,-0.45714212526638004,,2
443,0,3,"Petterson, Mr. Johan Emil",1,-0.33518693111100106,1,0,347076,-0.4918744606632361,,2
444,1,2,"Reynaldo, Ms. Encarnacion",0,-0.10463740114712752,0,0,230434,-0.3866707201133388,,2
445,1,3,"Johannesen-Bratthammer, Mr. Bernt",1,-0.10463740114712752,0,0,65306,-0.48507900373776425,,2
446,1,1,"Dodge, Master. Washington",1,-1.949033640858116,0,2,33638,0.9997696105865636,A34,2
447,1,2,"Mellinger, Miss. Madeleine Violet",0,-1.2573850509664952,0,1,250644,-0.255795253400548,,2
448,1,1,"Seward, Mr. Frederic Kimber",1,0.35646165878061953,0,0,113794,-0.11384570873513637,,2
449,1,3,"Baclini, Miss. Marie Catherine",0,-1.8721837975368247,2,1,2666,-0.26066180729354516,,0
450,1,1,"Peuchen, Major. Arthur Godfrey",1,1.7397588385638607,0,0,113786,-0.034313694348132716,C104,2
451,0,2,"West, Mr. Edwy Arthur",1,0.5101613454232019,1,2,C.A. 34651,-0.08968408411123653,,2
452,0,3,"Hagland, Mr. Ingvald Olai Olsen",1,-0.10463740114712752,1,0,65303,-0.2463983948905696,,2
453,0,1,"Foreman, Mr. Benjamin Laventall",1,0.04906228549545483,0,0,113051,-0.08968408411123653,C111,0
454,1,1,"Goldenberg, Mr. Samuel L",1,1.5092093085999871,1,0,17453,1.145663540471827,C92,0
455,0,3,"Peduzzi, Mr. Joseph",1,-0.10463740114712752,0,0,A/5 2817,-0.4863374216869257,,2
456,1,3,"Jalsevac, Mr. Ivan",1,-0.027787557825836348,0,0,349240,-0.4894421904510968,,0
457,0,1,"Millet, Mr. Francis Davis",1,2.738806801740646,0,0,13509,-0.11384570873513637,E38,2
458,1,1,"Kenyon, Mrs. Frederick R (Marion)",0,-0.10463740114712752,1,0,17464,0.395813560675251,D21,2
459,1,2,"Toomey, Miss. Ellen",0,1.5860591519212783,0,0,F.C.C. 13531,-0.43700743807979686,,2
460,0,3,"O'Connor, Mr. Maurice",1,-0.10463740114712752,0,0,371060,-0.49237782784290063,,1
461,1,1,"Anderson, Mr. Harry",1,1.432359465278696,0,0,19952,-0.11384570873513637,E12,2
462,0,3,"Morley, Mr. William",1,0.35646165878061953,0,0,364506,-0.4863374216869257,,2
463,0,1,"Gee, Mr. Arthur H",1,1.3555096219574048,0,0,111320,0.12676380314453292,E63,2
464,0,2,"Milling, Mr. Jacob Christian",1,1.432359465278696,0,0,234360,-0.3866707201133388,,2
465,0,3,"Maisner, Mr. Simon",1,-0.10463740114712752,0,0,A/S 2816,-0.4863374216869257,,2
466,0,3,"Goncalves, Mr. Manuel Estanslas",1,0.6638610320657843,0,0,SOTON/O.Q. 3101306,-0.5064721088735089,,2
467,0,2,"Campbell, Mr. William",1,-0.10463740114712752,0,0,239853,-0.6484216535389205,,2
468,0,1,"Smart, Mr. John Montgomery",1,2.0471582118490255,0,0,113792,-0.11384570873513637,,2
469,0,3,"Scanlan, Mr. James",1,-0.10463740114712752,0,0,36209,-0.4928811950225652,,1
470,1,3,"Baclini, Miss. Helene Barbara",0,-2.1987956316523123,2,1,2666,-0.26066180729354516,,0
471,0,3,"Keefe, Mr. Arthur",1,-0.10463740114712752,0,0,323592,-0.5024451714361923,,2
472,0,3,"Cacic, Mr. Luka",1,0.6638610320657843,0,0,315089,-0.47400492578514347,,2
473,1,2,"West, Mrs. Edwy Arthur (Ada Mary Worth)",0,0.27961181545932834,1,2,C.A. 34651,-0.08968408411123653,,2
474,1,2,"Jerwan, Mrs. Amin S (Marie Marthe Thuillard)",0,-0.48888661775358344,0,0,SC/AH Basle 541,-0.3707300882677209,D,0
475,0,3,"Strandberg, Miss. Ida Sofia",0,-0.5657364610748746,0,0,7553,-0.45034666834090825,,2
476,0,1,"Clifford, Mr. George Quincy",1,-0.10463740114712752,0,0,110465,0.39858208016340624,A14,2
477,0,2,"Renouf, Mr. Peter Henry",1,0.35646165878061953,1,0,31027,-0.22559322262067316,,2
478,0,3,"Braund, Mr. Lewis Richard",1,-0.027787557825836348,1,0,3460,-0.5065566745596926,,2
479,0,3,"Karlsson, Mr. Nils August",1,-0.5657364610748746,0,0,350060,-0.4969926981460655,,2
480,1,3,"Hirvonen, Miss. Hildur E",0,-2.1027333275006983,0,1,3101298,-0.4010166847337793,,2
481,0,3,"Goodwin, Master. Harold Victor",1,-1.56478442425166,5,2,CA 2144,0.2958951755118318,,2
482,0,2,"Frost, Mr. Anthony Wood ""Archie""",1,-0.10463740114712752,0,0,239854,-0.6484216535389205,,2
483,0,3,"Rouse, Mr. Richard Henry",1,1.5860591519212783,0,0,A/5 3594,-0.4863374216869257,,2
484,1,3,"Turkula, Mrs. (Hedwig)",0,2.585107115098064,0,0,4134,-0.455380340137554,,2
485,1,1,"Bishop, Mr. Dickinson H",1,-0.33518693111100106,1,0,11967,1.1854295476653287,B49,0
486,0,3,"Lefebre, Miss. Jeannie",0,-0.10463740114712752,3,1,4133,-0.13565761536436197,,2
487,1,1,"Hoyt, Mrs. Frederick Maxfield (Jane Anne Forby)",0,0.4333115021019107,1,0,19943,1.163700193253568,C93,2
488,0,1,"Kent, Mr. Edward Austin",1,2.200857898491608,0,0,11771,-0.05042144409739929,B37,0
489,0,3,"Somerton, Mr. Francis William",1,0.04906228549545483,0,0,A.5. 18509,-0.4863374216869257,,2
490,1,3,"Coutts, Master. Eden Leslie ""Neville""",1,-1.56478442425166,1,1,C.A. 37671,-0.32828012727224753,,2
491,0,3,"Hagland, Mr. Konrad Mathias Reiersen",1,-0.10463740114712752,1,0,65304,-0.2463983948905696,,2
492,0,3,"Windelov, Mr. Einar",1,-0.6425863043961658,0,0,SOTON/OQ 3101317,-0.5024451714361923,,2
493,0,1,"Molson, Mr. Harry Markland",1,1.9703083685277343,0,0,113787,-0.034313694348132716,C30,2
494,0,1,"Artagaveytia, Mr. Ramon",1,3.1999058616683933,0,0,PC 17609,0.3483299278831318,,0
495,0,3,"Stanley, Mr. Edward Roland",1,-0.6425863043961658,0,0,A/4 45380,-0.4863374216869257,,2
496,0,3,"Yousseff, Mr. Gerious",1,-0.10463740114712752,0,0,2627,-0.3573083057891445,,0
497,1,1,"Eustis, Miss. Elizabeth Mussey",0,1.893458525206443,1,0,36947,0.9274538680872313,D20,0
498,0,3,"Shellard, Mr. Frederick William",1,-0.10463740114712752,0,0,C.A. 6212,-0.3443878770215141,,2
499,0,1,"Allison, Mrs. Hudson J C (Bessie Waldo Daniels)",0,-0.33518693111100106,1,2,113781,2.4029901895877646,C22 C26,2
500,0,3,"Svensson, Mr. Olof",1,-0.41203677443229225,0,0,350035,-0.49145565916975514,,2
501,0,3,"Calic, Mr. Petar",1,-0.9499856776813305,0,0,315086,-0.47400492578514347,,2
502,0,3,"Canavan, Miss. Mary",0,-0.6425863043961658,0,0,364846,-0.49237782784290063,,1
503,0,3,"O'Sullivan, Miss. Bridget Mary",0,-0.10463740114712752,0,0,330909,-0.4948100980550399,,1
504,0,3,"Laitinen, Miss. Kristina Sofia",0,0.5870111887444931,0,0,4135,-0.455380340137554,,2
505,1,1,"Maioni, Miss. Roberta",0,-1.0268355210026217,0,0,110152,1.093228788100527,B79,2
506,0,1,"Penasco y Castellana, Mr. Victor de Satode",1,-0.8731358343600393,1,0,PC 17758,1.5442457810799908,C65,0
507,1,2,"Quick, Mrs. Frederick Charles (Jane Richards)",0,0.27961181545932834,0,2,26360,-0.12491978668775715,,2
508,1,1,"Bradley, Mr. George (""George Arthur Brayton"")",1,-0.10463740114712752,0,0,111427,-0.11384570873513637,,2
509,0,3,"Olsen, Mr. Henry Margido",1,-0.10463740114712752,0,0,C 4001,-0.1948878246611338,,2
510,1,3,"Lang, Mr. Fang",1,-0.2583370877897099,0,0,1601,0.48910360681684706,,2
511,1,3,"Daly, Mr. Eugene Patrick",1,-0.027787557825836348,0,0,382651,-0.49237782784290063,,1
512,0,3,"Webber, Mr. James",1,-0.10463740114712752,0,0,SOTON/OQ 3101316,-0.4863374216869257,,2
513,1,1,"McGough, Mr. James Robert",1,0.5101613454232019,0,0,PC 17473,-0.11913106412161445,E25,2
514,1,1,"Rothschild, Mrs. Martin (Elizabeth L. Barrett)",0,1.893458525206443,1,0,PC 17603,0.5475787653441219,,0
515,0,3,"Coleff, Mr. Satio",1,-0.41203677443229225,0,0,349209,-0.4974960653257301,,2
516,0,1,"Walker, Mr. William Anderson",1,1.3555096219574048,0,0,36967,0.036576512298389464,D46,2
517,1,2,"Lemore, Mrs. (Amelia Milley)",0,0.35646165878061953,0,0,C.A. 34260,-0.43700743807979686,F33,2
518,0,3,"Ryan, Mr. Patrick",1,-0.10463740114712752,0,0,371110,-0.1621689579829361,,1
519,1,2,"Angle, Mrs. William A (Florence ""Mary"" Agnes Hughes)",0,0.5101613454232019,1,0,226875,-0.12491978668775715,,2
520,0,3,"Pavlovic, Mr. Stefo",1,0.20276197213803718,0,0,349242,-0.4894421904510968,,2
521,1,1,"Perreault, Miss. Anne",0,0.04906228549545483,0,0,12749,1.2341715984066093,B73,2
522,0,3,"Vovk, Mr. Janko",1,-0.5657364610748746,0,0,349252,-0.4894421904510968,,2
523,0,3,"Lahoud, Mr. Sarkis",1,-0.10463740114712752,0,0,2624,-0.5029485386158568,,0
524,1,1,"Hippach, Mrs. Louis Albert (Ida Sophia Fischer)",0,1.1249600919935314,0,1,111361,0.5189714017894245,B18,0
525,0,3,"Kassem, Mr. Fared",1,-0.10463740114712752,0,0,2700,-0.5028639729296732,,0
526,0,3,"Farrell, Mr. James",1,0.8559856403690123,0,0,367232,-0.49237782784290063,,1
527,1,2,"Ridsdale, Miss. Lucy",0,1.5860591519212783,0,0,W./C. 14258,-0.43700743807979686,,2
528,0,1,"Farthing, Mr. John",1,-0.10463740114712752,0,0,PC 17483,3.817033162951754,C95,2
529,0,3,"Salonen, Mr. Johan Werner",1,0.7407108753870755,0,0,3101296,-0.4888542575852486,,2
530,0,2,"Hocking, Mr. Richard George",1,-0.48888661775358344,2,1,29104,-0.41687275089321363,,2
531,1,2,"Quick, Miss. Phyllis May",0,-2.1027333275006983,1,1,26360,-0.12491978668775715,,2
532,0,3,"Toufik, Mr. Nakli",1,-0.10463740114712752,0,0,2641,-0.5028639729296732,,0
533,0,3,"Elias, Mr. Joseph Jr",1,-0.9499856776813305,1,1,2690,-0.5028639729296732,,0
534,1,3,"Peter, Mrs. Catherine (Catherine Rizk)",0,-0.10463740114712752,0,2,2668,-0.19824427701513722,,0
535,0,3,"Cacic, Miss. Marija",0,0.04906228549545483,0,0,315084,-0.47400492578514347,,2
536,1,2,"Hart, Miss. Eva Miriam",0,-1.7184841108942424,0,2,F.C.C. 13529,-0.11988611489111134,,2
537,0,1,"Butt, Major. Archibald Willingham",1,1.2018099353148226,0,0,113050,-0.11384570873513637,B38,2
538,1,1,"LeRoy, Miss. Bertha",0,0.04906228549545483,0,0,PC 17761,1.4944124302931971,,0
539,0,3,"Risien, Mr. Samuel Beard",1,-0.10463740114712752,0,0,364498,-0.35646868933346404,,2
540,1,1,"Frolicher, Miss. Hedwig Margaritha",0,-0.5657364610748746,0,2,13568,0.3482453621969482,B39,0
541,1,1,"Crosby, Miss. Harriet R",0,0.5101613454232019,0,2,WE/P 5735,0.7811411367084872,B22,2
542,0,3,"Andersson, Miss. Ingeborg Constanzia",0,-1.56478442425166,4,2,347082,-0.01870931177853076,,2
543,0,3,"Andersson, Miss. Sigrid Elisabeth",0,-1.4110847376090776,4,2,347082,-0.01870931177853076,,2
544,1,2,"Beane, Mr. Edward",1,0.20276197213803718,1,0,2908,-0.12491978668775715,,2
545,0,1,"Douglas, Mr. Walter Donald",1,1.5860591519212783,1,0,PC 17761,1.4944124302931971,C86,0
546,0,1,"Nicholson, Mr. Arthur Ernest",1,2.661956958419355,0,0,693,-0.12491978668775715,,2
547,1,2,"Beane, Mrs. Edward (Ethel Clarke)",0,-0.7962859910387481,1,0,2908,-0.12491978668775715,,2
548,1,2,"Padro y Manent, Mr. Julian",1,-0.10463740114712752,0,0,SC/PARIS 2146,-0.3693045524149108,,0
549,0,3,"Goldsmith, Mr. Frank John",1,0.27961181545932834,1,1,363291,-0.2351571990343002,,2
550,1,2,"Davies, Master. John Morgan Jr",1,-1.6416342675729512,1,1,C.A. 33112,0.09152810056801232,,2
551,1,1,"Thayer, Mr. John Borland Jr",1,-0.9499856776813305,0,2,17421,1.5841789061771412,C70,0
552,0,2,"Sharp, Mr. Percival James R",1,-0.1814872444684187,0,0,244358,-0.12491978668775715,,2
553,0,3,"O'Brien, Mr. Timothy",1,-0.10463740114712752,0,0,330979,-0.49078316061772326,,1
554,1,3,"Leeni, Mr. Fahim (""Philip Zenni"")",1,-0.5657364610748746,0,0,2620,-0.5029485386158568,,0
555,1,3,"Ohman, Miss. Velin",0,-0.5657364610748746,0,0,347085,-0.4918744606632361,,2
556,0,1,"Wright, Mr. George",1,2.5082572717767726,0,0,113807,-0.11384570873513637,,2
557,1,1,"Duff Gordon, Lady. (Lucille Christiana Sutherland) (""Mrs Morgan"")",0,1.432359465278696,1,0,11755,0.1489119590497745,A16,0
558,0,1,"Robbins, Mr. Victor",1,-0.10463740114712752,0,0,PC 17757,3.9327230485884233,,0
559,1,1,"Taussig, Mrs. Emil (Tillie Mandelbaum)",0,0.7407108753870755,1,1,110413,0.955306180872432,E67,2
560,1,3,"de Messemaeker, Mrs. Guillaume Joseph (Emma)",0,0.5101613454232019,1,0,345572,-0.29807809649237277,,2
561,0,3,"Morrow, Mr. Thomas Rowan",1,-0.10463740114712752,0,0,372622,-0.49237782784290063,,1
562,0,3,"Sivic, Mr. Husein",1,0.8175607187083667,0,0,349251,-0.4894421904510968,,2
563,0,2,"Norman, Mr. Robert Douglas",1,-0.10463740114712752,0,0,218629,-0.3766033765200472,,2
564,0,3,"Simmons, Mr. John",1,-0.10463740114712752,0,0,SOTON/OQ 392082,-0.4863374216869257,,2
565,0,3,"Meanwell, Miss. (Marion Ogden)",0,-0.10463740114712752,0,0,SOTON/O.Q. 392087,-0.4863374216869257,,2
566,0,3,"Davies, Mr. Alfred J",1,-0.41203677443229225,2,0,A/4 48871,-0.1621689579829361,,2
567,0,3,"Stoytcheff, Mr. Ilia",1,-0.7962859910387481,0,0,349205,-0.4894421904510968,,2
568,0,3,"Palsson, Mrs. Nils (Alma Cornelia Berglund)",0,-0.027787557825836348,0,4,349909,-0.22408312108167944,,2
569,0,3,"Doharr, Mr. Tannous",1,-0.10463740114712752,0,0,2686,-0.5028639729296732,,0
570,1,3,"Jonsson, Mr. Carl",1,0.20276197213803718,0,0,350417,-0.4902797934380587,,2
571,1,2,"Harris, Mr. George",1,2.5082572717767726,0,0,S.W./PP 752,-0.43700743807979686,,2
572,1,1,"Appleton, Mrs. Edward Dale (Charlotte Lamson)",0,1.816608681885152,2,0,11769,0.38809593507663365,C101,2
573,1,1,"Flynn, Mr. John Irwin (""Irving"")",1,0.5101613454232019,0,0,PC 17474,-0.11711759540295616,E25,2
574,1,3,"Kelly, Miss. Mary",0,-0.10463740114712752,0,0,14312,-0.49237782784290063,,1
575,0,3,"Rush, Mr. Alfred George John",1,-1.0268355210026217,0,0,A/4. 20589,-0.4863374216869257,,2
576,0,3,"Patchett, Mr. George",1,-0.7962859910387481,0,0,358585,-0.35646868933346404,,2
577,1,2,"Garside, Miss. Ethel",0,0.35646165878061953,0,0,243880,-0.3866707201133388,,2
578,1,1,"Silvey, Mrs. William Baird (Alice Munger)",0,0.7407108753870755,1,0,13507,0.4771073601910807,E44,2
579,0,3,"Caram, Mrs. Joseph (Maria Elias)",0,-0.10463740114712752,1,0,2689,-0.3573083057891445,,0
580,1,3,"Jussila, Mr. Eiriik",1,0.20276197213803718,0,0,STON/O 2. 3101286,-0.4888542575852486,,2
581,1,2,"Christy, Miss. Julie Rachel",0,-0.33518693111100106,1,1,237789,-0.04438103794142432,,2
582,1,1,"Thayer, Mrs. John Borland (Marian Longstreth Morris)",0,0.7407108753870755,1,1,17421,1.5841789061771412,C68,0
583,0,2,"Downton, Mr. William James",1,1.893458525206443,0,0,28403,-0.12491978668775715,,2
584,0,1,"Ross, Mr. John Hugo",1,0.5101613454232019,0,0,13049,0.15948266982273065,A10,0
585,0,3,"Paulner, Mr. Uscher",1,-0.10463740114712752,0,0,3411,-0.47299819142581434,,0
586,1,1,"Taussig, Miss. Ruth",0,-0.8731358343600393,0,2,110413,0.955306180872432,E68,2
587,0,2,"Jarvis, Mr. John Denzil",1,1.3555096219574048,0,0,237565,-0.3464013457401724,,2
588,1,1,"Frolicher-Stehli, Mr. Maxmillian",1,2.3545575851341902,1,1,13567,0.9462455716384695,B41,0
589,0,3,"Gilinski, Mr. Eliezer",1,-0.5657364610748746,0,0,14973,-0.4863374216869257,,2
590,0,3,"Murdlin, Mr. Joseph",1,-0.10463740114712752,0,0,A./5. 3235,-0.4863374216869257,,2
591,0,3,"Rintamaki, Mr. Matti",1,0.4333115021019107,0,0,STON/O 2. 3101273,-0.5049620073345151,,2
592,1,1,"Stephenson, Mrs. Walter Bertram (Martha Eustis)",0,1.7397588385638607,1,0,36947,0.9274538680872313,D20,0
593,0,3,"Elsbury, Mr. William James",1,1.3555096219574048,0,0,A/5 3902,-0.5024451714361923,,2
594,0,3,"Bourke, Miss. Mary",0,-0.10463740114712752,0,2,364848,-0.49237782784290063,,1
595,0,2,"Chapman, Mr. John Henry",1,0.5870111887444931,1,0,SC/AH 29037,-0.12491978668775715,,2
596,0,3,"Van Impe, Mr. Jean Baptiste",1,0.5101613454232019,1,1,345773,-0.1621689579829361,,2
597,1,2,"Leitch, Miss. Jessie Wills",0,-0.10463740114712752,0,0,248727,0.016023023618325298,,2
598,0,3,"Johnson, Mr. Alfred",1,1.5092093085999871,0,0,LINE,-0.6484216535389205,,2
599,0,3,"Boulos, Mr. Hanna",1,-0.10463740114712752,0,0,2664,-0.5029485386158568,,0
600,1,1,"Duff Gordon, Sir. Cosmo Edmund (""Mr Morgan"")",1,1.5092093085999871,1,0,PC 17485,0.49782998024351216,A20,0
601,1,2,"Jacobsohn, Mrs. Sidney Samuel (Amy Frances Christy)",0,-0.41203677443229225,2,1,243847,-0.10478509950117394,,2
602,0,3,"Slabenoff, Mr. Petco",1,-0.10463740114712752,0,0,349214,-0.4894421904510968,,2
603,0,1,"Harrington, Mr. Charles H",1,-0.10463740114712752,0,0,113796,0.2052890831722074,,2
604,0,3,"Torber, Mr. Ernst William",1,1.1249600919935314,0,0,364511,-0.4863374216869257,,2
605,1,1,"Homer, Mr. Harry (""Mr E Haven"")",1,0.4333115021019107,0,0,111426,-0.11384570873513637,,0
606,0,3,"Lindell, Mr. Edvard Bengtsson",1,0.5101613454232019,1,0,349910,-0.3353272677875516,,2
607,0,3,"Karaic, Mr. Milan",1,0.04906228549545483,0,0,349246,-0.4894421904510968,,2
608,1,1,"Daniel, Mr. Robert Williams",1,-0.1814872444684187,0,0,113804,-0.034313694348132716,,2
609,1,2,"Laroche, Mrs. Joseph (Juliette Marie Louise Lafargue)",0,-0.5657364610748746,1,2,SC/Paris 2123,0.18876253192945994,,0
610,1,1,"Shutes, Miss. Elizabeth W",0,0.8175607187083667,0,0,PC 17582,2.441497778832105,C125,2
611,0,3,"Andersson, Mrs. Anders Johan (Alfrida Konstantia Brogren)",0,0.7407108753870755,1,5,347082,-0.01870931177853076,,2
612,0,3,"Jardin, Mr. Jose Neto",1,-0.10463740114712752,0,0,SOTON/O.Q. 3101305,-0.5064721088735089,,2
613,1,3,"Murphy, Miss. Margaret Jane",0,-0.10463740114712752,1,0,367230,-0.3363340021468808,,1
614,0,3,"Horgan, Mr. John",1,-0.10463740114712752,0,0,370377,-0.49237782784290063,,1
615,0,3,"Brocklebank, Mr. William Alfred",1,0.4333115021019107,0,0,364512,-0.4863374216869257,,2
616,1,2,"Herman, Miss. Alice",0,-0.41203677443229225,1,2,220845,0.6603330135889879,,2
617,0,3,"Danbom, Mr. Ernst Gilbert",1,0.35646165878061953,1,1,347080,-0.35848215805212236,,2
618,0,3,"Lobb, Mrs. William Arthur (Cordelia K Stanlick)",0,-0.2583370877897099,1,0,A/5. 3336,-0.32425318983493084,,2
619,1,2,"Becker, Miss. Marion Louise",0,-1.949033640858116,2,1,230136,0.13683114673782454,F4,2
620,0,2,"Gavey, Mr. Lawrence",1,-0.2583370877897099,0,0,31028,-0.43700743807979686,,2
621,0,3,"Yasbeck, Mr. Antoni",1,-0.1814872444684187,1,0,2659,-0.3573908580066095,,0
622,1,1,"Kimball, Mr. Edwin Nelson Jr",1,0.9712604053509489,1,0,11753,0.40974072380221066,D19,2
623,1,3,"Nakid, Mr. Sahid",1,-0.719436147717457,1,1,2653,-0.33146744825388363,,0
624,0,3,"Hansen, Mr. Henry Damsgaard",1,-0.6425863043961658,0,0,350029,-0.4902797934380587,,2
625,0,3,"Bowen, Mr. David John ""Dai""",1,-0.6425863043961658,0,0,54636,-0.32425318983493084,,2
626,0,1,"Sutton, Mr. Frederick",1,2.4314074284554814,0,0,36963,0.002347544081197954,D50,2
627,0,2,"Kirkland, Rev. Charles Leonard",1,2.1240080551703167,0,0,219533,-0.3997582667846179,,1
628,1,1,"Longley, Miss. Gretchen Fiske",0,-0.6425863043961658,0,0,13502,0.921244330558889,D9,2
629,0,3,"Bostandyeff, Mr. Guentcho",1,-0.2583370877897099,0,0,349224,-0.4894421904510968,,2
630,0,3,"O'Connell, Mr. Patrick D",1,-0.10463740114712752,0,0,334912,-0.49271407711891657,,1
631,1,1,"Barkworth, Mr. Algernon Henry Wilson",1,3.8915544515600136,0,0,27042,-0.04438103794142432,A23,2
632,0,3,"Lundahl, Mr. Johan Svensson",1,1.6629089952425695,0,0,347743,-0.5063875431873253,,2
633,1,1,"Stahelin-Maeglin, Dr. Max",1,0.20276197213803718,0,0,13214,-0.034313694348132716,B50,0
634,0,1,"Parr, Mr. William Henry Marsh",1,-0.10463740114712752,0,0,112052,-0.6484216535389205,,2
635,0,3,"Skoog, Miss. Mabel",0,-1.56478442425166,3,2,347088,-0.08666388103324908,,2
636,1,2,"Davis, Miss. Mary",0,-0.10463740114712752,0,0,237668,-0.3866707201133388,,2
637,0,3,"Leinonen, Mr. Antti Gustaf",1,0.20276197213803718,0,0,STON/O 2. 3101292,-0.4888542575852486,,2
638,0,2,"Collyer, Mr. Harvey",1,0.12591212881674602,1,1,C.A. 31921,-0.11988611489111134,,2
639,0,3,"Panula, Mrs. Juha (Maria Emilia Ojala)",0,0.8944105620296577,0,5,3101295,0.1506737441786005,,2
640,0,3,"Thorneycroft, Mr. Percival",1,-0.10463740114712752,1,0,376564,-0.32425318983493084,,2
641,0,3,"Jensen, Mr. Hans Peder",1,-0.719436147717457,0,0,350050,-0.4902797934380587,,2
642,1,1,"Sagesser, Mlle. Emma",0,-0.41203677443229225,0,0,PC 17477,0.7469121684912956,B35,0
643,0,3,"Skoog, Miss. Margit Elizabeth",0,-2.1027333275006983,3,2,347088,-0.08666388103324908,,2
644,1,3,"Foo, Mr. Choong",1,-0.10463740114712752,0,0,1601,0.48910360681684706,,2
645,1,3,"Baclini, Miss. Eugenie",0,-2.1987956316523123,2,1,2666,-0.26066180729354516,,0
646,1,1,"Harper, Mr. Henry Sleeper",1,1.432359465278696,1,0,PC 17572,0.8964967865378598,D33,0
647,0,3,"Cor, Mr. Liudevit",1,-0.7962859910387481,0,0,349231,-0.4894421904510968,,2
648,1,1,"Simonius-Blumer, Col. Oberst Alfons",1,2.0471582118490255,0,0,13213,0.06635974158478332,A26,0
649,0,3,"Willey, Mr. Edward",1,-0.10463740114712752,0,0,S.O./P.P. 751,-0.49640476528021726,,2
650,1,3,"Stanley, Miss. Amy Zillah Elsie",0,-0.48888661775358344,0,0,CA. 2314,-0.49640476528021726,,2
651,0,3,"Mitkoff, Mr. Mito",1,-0.10463740114712752,0,0,349221,-0.4894421904510968,,2
652,1,2,"Doling, Miss. Elsie",0,-0.8731358343600393,0,1,231919,-0.18532384824750675,,2
653,0,3,"Kalvik, Mr. Johannes Halvorsen",1,-0.6425863043961658,0,0,8475,-0.47861979608830835,,2
654,1,3,"O'Leary, Miss. Hanora ""Norah""",0,-0.10463740114712752,0,0,330919,-0.49078316061772326,,1
655,0,3,"Hegarty, Miss. Hanora ""Nora""",0,-0.8731358343600393,0,0,365226,-0.5125125150294839,,1
656,0,2,"Hickman, Mr. Leonard Mark",1,-0.41203677443229225,2,0,S.O.C. 14879,0.8314778546749452,,2
657,0,3,"Radeff, Mr. Alexander",1,-0.10463740114712752,0,0,349223,-0.4894421904510968,,2
658,0,3,"Bourke, Mrs. John (Catherine)",0,0.20276197213803718,1,1,364849,-0.3363340021468808,,1
659,0,2,"Eitemiller, Mr. George Floyd",1,-0.48888661775358344,0,0,29751,-0.3866707201133388,,2
660,0,1,"Newell, Mr. Arthur Webster",1,2.200857898491608,0,2,35273,1.6323350375212924,D48,0
661,1,1,"Frauenthal, Dr. Henry William",1,1.5860591519212783,2,0,PC 17611,2.042579288947925,,2
662,0,3,"Badt, Mr. Mohamed",1,0.8175607187083667,0,0,2623,-0.5029485386158568,,0
663,0,1,"Colley, Mr. Edward Pomeroy",1,1.3555096219574048,0,0,5727,-0.13322534515222276,E58,2
664,0,3,"Coleff, Mr. Peju",1,0.5101613454232019,0,0,349210,-0.4974960653257301,,2
665,1,3,"Lindqvist, Mr. Eino William",1,-0.719436147717457,1,0,STON/O 2. 3101285,-0.4888542575852486,,2
666,0,2,"Hickman, Mr. Lewis",1,0.20276197213803718,2,0,S.O.C. 14879,0.8314778546749452,,2
667,0,2,"Butler, Mr. Reginald Fenton",1,-0.33518693111100106,0,0,234686,-0.3866707201133388,,2
668,0,3,"Rommetvedt, Mr. Knud Paust",1,-0.10463740114712752,0,0,312993,-0.4918744606632361,,2
669,0,3,"Cook, Mr. Jacob",1,1.0481102486722402,0,0,A/5 3536,-0.4863374216869257,,2
670,1,1,"Taylor, Mrs. Elmer Zebley (Juliet Cummins Wright)",0,-0.10463740114712752,1,0,19996,0.39858208016340624,C126,2
671,1,2,"Brown, Mrs. Thomas William Solomon (Elizabeth Catherine Ford)",0,0.8175607187083667,1,1,29750,0.13683114673782454,,2
672,0,1,"Davidson, Mr. Thornton",1,0.12591212881674602,1,0,F.C. 12750,0.39858208016340624,B71,2
673,0,2,"Mitchell, Mr. Henry Michael",1,3.123056018347102,0,0,C.A. 24580,-0.43700743807979686,,2
674,1,2,"Wilhelms, Mr. Charles",1,0.12591212881674602,0,0,244270,-0.3866707201133388,,2
675,0,2,"Watson, Mr. Ennis Hastings",1,-0.10463740114712752,0,0,239856,-0.6484216535389205,,2
676,0,3,"Edvardsson, Mr. Gustaf Hjalmar",1,-0.8731358343600393,0,0,349912,-0.4918744606632361,,2
677,0,3,"Sawyer, Mr. Frederick Charles",1,-0.37361185277164666,0,0,342826,-0.4863374216869257,,2
678,1,3,"Turja, Miss. Anna Sofia",0,-0.8731358343600393,0,0,4138,-0.45026210265472455,,2
679,0,3,"Goodwin, Mrs. Frederick (Augusta Tyler)",0,1.0481102486722402,1,6,CA 2144,0.2958951755118318,,2
680,1,1,"Cardeza, Mr. Thomas Drake Martinez",1,0.5101613454232019,0,1,PC 17755,9.667166525013505,B51 B53 B55,0
681,0,3,"Peters, Miss. Katie",0,-0.10463740114712752,0,0,330935,-0.48457563655809965,,1
682,1,1,"Hassab, Mr. Hammad",1,-0.1814872444684187,0,0,PC 17572,0.8964967865378598,D49,0
683,0,3,"Olsvigen, Mr. Thor Anderson",1,-0.719436147717457,0,0,6563,-0.4626791642426904,,2
684,0,3,"Goodwin, Mr. Charles Edward",1,-1.180535207645204,5,2,CA 2144,0.2958951755118318,,2
685,0,2,"Brown, Mr. Thomas William Solomon",1,2.3545575851341902,1,1,29750,0.13683114673782454,,2
686,0,2,"Laroche, Mr. Joseph Philippe Lemercier",1,-0.33518693111100106,1,2,SC/Paris 2123,0.18876253192945994,,0
687,0,3,"Panula, Mr. Jaako Arnold",1,-1.180535207645204,4,1,3101295,0.1506737441786005,,2
688,0,3,"Dakic, Mr. Branko",1,-0.7962859910387481,0,0,349228,-0.44363577710162005,,2
689,0,3,"Fischer, Mr. Eberhard Thelander",1,-0.8731358343600393,0,0,350036,-0.49145565916975514,,2
690,1,1,"Madill, Miss. Georgette Alexandra",0,-1.1036853643239128,0,1,24160,3.6067927997556075,B5,2
691,1,1,"Dick, Mr. Albert Adrian",1,0.12591212881674602,1,0,17474,0.49925551609632224,B20,2
692,1,3,"Karun, Miss. Manca",0,-1.949033640858116,0,1,349256,-0.37828059596268965,,0
693,1,3,"Lam, Mr. Ali",1,-0.10463740114712752,0,0,1601,0.48910360681684706,,2
694,0,3,"Saad, Mr. Khalil",1,-0.33518693111100106,0,0,2672,-0.5029485386158568,,0
695,0,1,"Weir, Col. John",1,2.3545575851341902,0,0,113800,-0.11384570873513637,,2
696,0,2,"Chapman, Mr. Charles Henry",1,1.7397588385638607,0,0,248731,-0.3766033765200472,,2
697,0,3,"Kelly, Mr. James",1,1.1249600919935314,0,0,363592,-0.4863374216869257,,2
698,1,3,"Mullens, Miss. Katherine ""Katie""",0,-0.10463740114712752,0,0,35852,-0.49271407711891657,,1
699,0,1,"Thayer, Mr. John Borland",1,1.5092093085999871,1,1,17421,1.5841789061771412,C68,0
700,0,3,"Humblen, Mr. Adolf Mathias Nicolai Olsen",1,0.9712604053509489,0,0,348121,-0.494391296561559,F G63,2
701,1,1,"Astor, Mrs. John Jacob (Madeleine Talmadge Force)",0,-0.8731358343600393,1,0,PC 17757,3.9327230485884233,C62 C64,0
702,1,1,"Silverthorne, Mr. Spencer Victor",1,0.4333115021019107,0,0,PC 17475,-0.11913106412161445,E24,2
703,0,3,"Barbara, Miss. Saiide",0,-0.8731358343600393,0,1,2691,-0.3573908580066095,,0
704,0,3,"Gallagher, Mr. Martin",1,-0.33518693111100106,0,0,36864,-0.4925449457465493,,1
705,0,3,"Hansen, Mr. Henrik Juul",1,-0.2583370877897099,1,0,350025,-0.4902797934380587,,2
706,0,2,"Morley, Mr. Henry Samuel (""Mr Henry Marshall"")",1,0.7407108753870755,0,0,250655,-0.12491978668775715,,2
707,1,2,"Kelly, Mrs. Florence ""Fannie""",0,1.2018099353148226,0,0,223596,-0.3766033765200472,,2
708,1,1,"Calderhead, Mr. Edward Pennington",1,0.9712604053509489,0,0,PC 17476,-0.11913106412161445,E24,2
709,1,1,"Cleaver, Miss. Alice",0,-0.5657364610748746,0,0,113781,2.4029901895877646,,2
710,1,3,"Moubarek, Master. Halim Gonios (""William George"")",1,-0.10463740114712752,1,1,2661,-0.3414522396297103,,0
711,1,1,"Mayne, Mlle. Berthe Antonine (""Mrs de Villiers"")",0,-0.41203677443229225,0,0,PC 17482,0.3483299278831318,C90,0
712,0,1,"Klaber, Mr. Herman",1,-0.10463740114712752,0,0,113028,-0.11384570873513637,C124,2
713,1,1,"Taylor, Mr. Elmer Zebley",1,1.432359465278696,1,0,19996,0.39858208016340624,C126,2
714,0,3,"Larsson, Mr. August Viktor",1,-0.027787557825836348,0,0,7545,-0.457478374542396,,2
715,0,2,"Greenberg, Mr. Samuel",1,1.7397588385638607,0,0,250647,-0.3866707201133388,,2
716,0,3,"Soholt, Mr. Peter Andreas Lauritz Andersen",1,-0.7962859910387481,0,0,348124,-0.494391296561559,F G73,2
717,1,1,"Endres, Miss. Caroline Louise",0,0.6638610320657843,0,0,PC 17757,3.9327230485884233,C45,0
718,1,2,"Troutt, Miss. Edwina Celia ""Winnie""",0,-0.1814872444684187,0,0,34218,-0.43700743807979686,E101,2
719,0,3,"McEvoy, Mr. Michael",1,-0.10463740114712752,0,0,36568,-0.3363340021468808,,1
720,0,3,"Johnson, Mr. Malkolm Joackim",1,0.27961181545932834,0,0,347062,-0.4918744606632361,,2
721,1,2,"Harper, Miss. Annie Jessie ""Nina""",0,-1.7953339542155335,0,1,248727,0.016023023618325298,,2
722,0,3,"Jensen, Mr. Svend Lauritz",1,-0.9499856776813305,1,0,350048,-0.5063875431873253,,2
723,0,2,"Gillespie, Mr. William Henry",1,0.35646165878061953,0,0,12233,-0.3866707201133388,,2
724,0,2,"Hodges, Mr. Henry Price",1,1.5860591519212783,0,0,250643,-0.3866707201133388,,2
725,1,1,"Chambers, Mr. Norman Campbell",1,-0.1814872444684187,1,0,113806,0.4207302360686478,E8,2
726,0,3,"Oreskovic, Mr. Luka",1,-0.719436147717457,0,0,315094,-0.47400492578514347,,2
727,1,2,"Renouf, Mrs. Peter Henry (Lillian Jefferys)",0,0.04906228549545483,3,0,31027,-0.22559322262067316,,2
728,1,3,"Mannion, Miss. Margareth",0,-0.10463740114712752,0,0,36866,-0.4926295114327329,,1
729,0,2,"Bryhl, Mr. Kurt Arnold Gottfrid",1,-0.33518693111100106,1,0,236853,-0.12491978668775715,,2
730,0,3,"Ilmakangas, Miss. Pieta Sofia",0,-0.33518693111100106,1,0,STON/O2. 3101271,-0.4888542575852486,,2
731,1,1,"Allen, Miss. Elisabeth Walton",0,-0.027787557825836348,0,0,24160,3.6067927997556075,B5,2
732,0,3,"Hassan, Mr. Houssein G N",1,-1.4110847376090776,0,0,2699,-0.2701412180209885,,0
733,0,2,"Knight, Mr. Robert J",1,-0.10463740114712752,0,0,239855,-0.6484216535389205,,2
734,0,2,"Berriman, Mr. William John",1,-0.48888661775358344,0,0,28425,-0.3866707201133388,,2
735,0,2,"Troupiansky, Mr. Moses Aaron",1,-0.48888661775358344,0,0,233639,-0.3866707201133388,,2
736,0,3,"Williams, Mr. Leslie",1,-0.06621247948648194,0,0,54636,-0.32425318983493084,,2
737,0,3,"Ford, Mrs. Edward (Margaret Ann Watson)",0,1.432359465278696,1,3,W./C. 6608,0.04370821849987721,,2
738,1,1,"Lesurer, Mr. Gustave J",1,0.4333115021019107,0,0,PC 17755,9.667166525013505,B101,0
739,0,3,"Ivanoff, Mr. Kanio",1,-0.10463740114712752,0,0,349201,-0.4894421904510968,,2
740,0,3,"Nankoff, Mr. Minko",1,-0.10463740114712752,0,0,349218,-0.4894421904510968,,2
741,1,1,"Hawksford, Mr. Walter James",1,-0.10463740114712752,0,0,16988,-0.04438103794142432,D45,2
742,0,1,"Cavendish, Mr. Tyrell William",1,0.5101613454232019,1,0,19877,0.9391984311231651,C46,2
743,1,1,"Ryerson, Miss. Susan Parker ""Suzette""",0,-0.6425863043961658,2,2,PC 17608,4.634416897040849,B57 B59 B63 B66,0
744,0,3,"McNamee, Mr. Neal",1,-0.41203677443229225,1,0,376566,-0.32425318983493084,,2
745,1,3,"Stranden, Mr. Juho",1,0.12591212881674602,0,0,STON/O 2. 3101288,-0.4888542575852486,,2
746,0,1,"Crosby, Capt. Edward Gifford",1,3.123056018347102,1,1,WE/P 5735,0.7811411367084872,B22,2
747,0,3,"Abbott, Mr. Rossmore Edward",1,-1.0268355210026217,1,1,C.A. 2673,-0.24069423801061057,,2
748,1,2,"Sinkkonen, Miss. Anna",0,0.04906228549545483,0,0,250648,-0.3866707201133388,,2
749,0,1,"Marvin, Mr. Daniel Warner",1,-0.7962859910387481,1,0,113773,0.4207302360686478,D30,2
750,0,3,"Connaghton, Mr. Michael",1,0.12591212881674602,0,0,335097,-0.49237782784290063,,1
751,1,2,"Wells, Miss. Joan",0,-1.949033640858116,1,1,29103,-0.18532384824750675,,2
752,1,3,"Moor, Master. Meier",1,-1.7953339542155335,0,1,392096,-0.397241430886295,E121,2
753,0,3,"Vande Velde, Mr. Johannes Joseph",1,0.27961181545932834,0,0,345780,-0.45714212526638004,,2
754,0,3,"Jonkoff, Mr. Lalio",1,-0.48888661775358344,0,0,349204,-0.4894421904510968,,2
755,1,2,"Herman, Mrs. Samuel (Jane Laver)",0,1.432359465278696,1,2,220845,0.6603330135889879,,2
756,1,2,"Hamalainen, Master. Viljo",1,-2.204943619118015,1,1,250649,-0.35646868933346404,,2
757,0,3,"Carlsson, Mr. August Sigfrid",1,-0.10463740114712752,0,0,350042,-0.49145565916975514,,2
758,0,2,"Bailey, Mr. Percy Andrew",1,-0.8731358343600393,0,0,29108,-0.41687275089321363,,2
759,0,3,"Theobald, Mr. Thomas Leonard",1,0.35646165878061953,0,0,363294,-0.4863374216869257,,2
760,1,1,"Rothes, the Countess. of (Lucy Noel Martha Dyer-Edwards)",0,0.27961181545932834,0,0,110152,1.093228788100527,B77,2
761,0,3,"Garfirth, Mr. John",1,-0.10463740114712752,0,0,358585,-0.35646868933346404,,2
762,0,3,"Nirva, Mr. Iisakki Antino Aijo",1,0.8944105620296577,0,0,SOTON/O2 3101272,-0.5049620073345151,,2
763,1,3,"Barah, Mr. Hanna Assi",1,-0.719436147717457,0,0,2663,-0.5028639729296732,,0
764,1,1,"Carter, Mrs. William Ernest (Lucile Polk)",0,0.5101613454232019,1,2,113760,1.7677408088510642,B96 B98,2
765,0,3,"Eklund, Mr. Hans Linus",1,-1.0268355210026217,0,0,347074,-0.4918744606632361,,2
766,1,1,"Hogeboom, Mrs. John C (Anna Andrews)",0,1.6629089952425695,1,0,13502,0.921244330558889,D11,2
767,0,1,"Brewe, Dr. Arthur Jackson",1,-0.10463740114712752,0,0,112379,0.1489119590497745,,0
768,0,3,"Mangan, Miss. Mary",0,0.08748720715610042,0,0,364850,-0.49237782784290063,,1
769,0,3,"Moran, Mr. Daniel J",1,-0.10463740114712752,1,0,371110,-0.1621689579829361,,1
770,0,3,"Gronnestad, Mr. Daniel Danielsen",1,0.20276197213803718,0,0,8471,-0.4800453319411184,,2
771,0,3,"Lievens, Mr. Rene Aime",1,-0.41203677443229225,0,0,345781,-0.45714212526638004,,2
772,0,3,"Jensen, Mr. Niels Peder",1,1.432359465278696,0,0,350047,-0.4902797934380587,,2
773,0,2,"Mack, Mrs. (Mary)",0,2.1240080551703167,0,0,S.O./P.P. 3,-0.43700743807979686,E77,2
774,0,3,"Elias, Mr. Dibo",1,-0.10463740114712752,0,0,2674,-0.5029485386158568,,0
775,1,2,"Hocking, Mrs. Elizabeth (Eliza Needs)",0,1.893458525206443,1,3,29105,-0.18532384824750675,,2
776,0,3,"Myhrman, Mr. Pehr Fabian Oliver Malkolm",1,-0.8731358343600393,0,0,347078,-0.49237782784290063,,2
777,0,3,"Tobin, Mr. Roger",1,-0.10463740114712752,0,0,383121,-0.49237782784290063,F38,1
778,1,3,"Emanuel, Miss. Virginia Ethel",0,-1.8721837975368247,0,0,364516,-0.397241430886295,,2
779,0,3,"Kilgannon, Mr. Thomas J",1,-0.10463740114712752,0,0,36865,-0.4926295114327329,,1
780,1,1,"Robert, Mrs. Edward Scott (Elisabeth Walton McMillan)",0,1.0481102486722402,0,1,24160,3.6067927997556075,B3,2
781,1,3,"Ayoub, Miss. Banoura",0,-1.2573850509664952,0,0,2687,-0.5028639729296732,,0
782,1,1,"Dick, Mrs. Albert Adrian (Vera Gillespie)",0,-0.9499856776813305,1,0,17474,0.49925551609632224,B20,2
783,0,1,"Long, Mr. Milton Clyde",1,-0.027787557825836348,0,0,113501,-0.04438103794142432,D6,2
784,0,3,"Johnston, Mr. Andrew G",1,-0.10463740114712752,1,2,W./C. 6607,-0.17626323901354432,,2
785,0,3,"Ali, Mr. William",1,-0.33518693111100106,0,0,SOTON/O.Q. 3101312,-0.5064721088735089,,2
786,0,3,"Harmer, Mr. Abraham (David Lishin)",1,-0.33518693111100106,0,0,374887,-0.5024451714361923,,2
787,1,3,"Sjoblom, Miss. Anna Sofia",0,-0.8731358343600393,0,0,3101265,-0.4974960653257301,,2
788,0,3,"Rice, Master. George Hugh",1,-1.6416342675729512,4,1,382652,-0.06199888922968463,,1
789,1,3,"Dean, Master. Bertram Vere",1,-2.1795831708219895,1,2,C.A. 2315,-0.23415046467497105,,2
790,0,1,"Guggenheim, Mr. Benjamin",1,1.2786597786361138,0,0,PC 17593,0.9462455716384695,B82 B84,0
791,0,3,"Keane, Mr. Andrew ""Andy""",1,-0.10463740114712752,0,0,12460,-0.49237782784290063,,1
792,0,2,"Gaskell, Mr. Alfred",1,-1.0268355210026217,0,0,239865,-0.12491978668775715,,2
793,0,3,"Sage, Miss. Stella Anna",0,-0.10463740114712752,8,2,CA. 2343,0.7519458402879414,,2
794,0,1,"Hoyt, Mr. William Fisher",1,-0.10463740114712752,0,0,PC 17600,-0.030371322596999754,,0
795,0,3,"Dantcheff, Mr. Ristiu",1,-0.33518693111100106,0,0,349203,-0.4894421904510968,,2
796,0,2,"Otter, Mr. Richard",1,0.7407108753870755,0,0,28213,-0.3866707201133388,,2
797,1,1,"Leader, Dr. Alice (Farnham)",0,1.5092093085999871,0,0,17465,-0.1263453225405672,D17,2
798,1,3,"Osman, Mrs. Mara",0,0.12591212881674602,0,0,349244,-0.4735861242916626,,2
799,0,3,"Ibrahim Shawah, Mr. Yousseff",1,0.04906228549545483,0,0,2685,-0.5028639729296732,,0
800,0,3,"Van Impe, Mrs. Jean Baptiste (Rosalie Paula Govaert)",0,0.04906228549545483,1,1,345773,-0.1621689579829361,,2
801,0,2,"Ponesell, Mr. Martin",1,0.35646165878061953,0,0,250647,-0.3866707201133388,,2
802,1,2,"Collyer, Mrs. Harvey (Charlotte Annie Tate)",0,0.12591212881674602,1,1,C.A. 31921,-0.11988611489111134,,2
803,1,1,"Carter, Master. William Thornton II",1,-1.4110847376090776,1,2,113760,1.7677408088510642,B96 B98,2
804,1,3,"Thomas, Master. Assad Alexander",1,-2.224156079948338,0,1,2625,-0.47694056317694733,,0
805,1,3,"Hedman, Mr. Oskar Arvid",1,-0.1814872444684187,0,0,347089,-0.5079822104125026,,2
806,0,3,"Johansson, Mr. Karl Johan",1,0.12591212881674602,0,0,347063,-0.4918744606632361,,2
807,0,1,"Andrews, Mr. Thomas Jr",1,0.7407108753870755,0,0,112050,-0.6484216535389205,A36,2
808,0,3,"Pettersson, Miss. Ellen Natalia",0,-0.8731358343600393,0,0,347087,-0.4918744606632361,,2
809,0,2,"Meyer, Mr. August",1,0.7407108753870755,0,0,248723,-0.3866707201133388,,2
810,1,1,"Chambers, Mrs. Norman Campbell (Bertha Griggs)",0,0.27961181545932834,1,0,113806,0.4207302360686478,E8,2
811,0,3,"Alexander, Mr. William",1,-0.2583370877897099,0,0,3474,-0.4896093083547455,,2
812,0,3,"Lester, Mr. James",1,0.7407108753870755,0,0,A/4 48871,-0.1621689579829361,,2
813,0,2,"Slemen, Mr. Richard James",1,0.4333115021019107,0,0,28206,-0.43700743807979686,,2
814,0,3,"Andersson, Miss. Ebba Iris Alfrida",0,-1.7953339542155335,4,2,347082,-0.01870931177853076,,2
815,0,3,"Tomlin, Mr. Ernest Portage",1,0.08748720715610042,0,0,364499,-0.4863374216869257,,2
816,0,1,"Fry, Mr. Richard",1,-0.10463740114712752,0,0,112058,-0.6484216535389205,B102,2
817,0,3,"Heininen, Miss. Wendla Maria",0,-0.48888661775358344,0,0,STON/O2. 3101290,-0.4888542575852486,,2
818,0,2,"Mallet, Mr. Albert",1,0.12591212881674602,1,1,S.C./PARIS 2079,0.09664633805084172,,0
819,0,3,"Holm, Mr. John Fredrik Alexander",1,1.0481102486722402,0,0,C 7075,-0.5185529211854588,,2
820,0,3,"Skoog, Master. Karl Thorsten",1,-1.4879345809303688,3,2,347088,-0.08666388103324908,,2
821,1,1,"Hays, Mrs. Charles Melville (Clara Jennings Gregg)",0,1.7397588385638607,1,1,12749,1.2341715984066093,B69,2
822,1,3,"Lulic, Mr. Nikola",1,-0.1814872444684187,0,0,315098,-0.47400492578514347,,2
823,0,1,"Reuchlin, Jonkheer. John George",1,0.6638610320657843,0,0,19972,-0.6484216535389205,,2
824,1,3,"Moor, Mrs. (Beila)",0,-0.1814872444684187,0,1,392096,-0.397241430886295,E121,2
825,0,3,"Panula, Master. Urho Abraham",1,-2.1027333275006983,4,1,3101295,0.1506737441786005,,2
826,0,3,"Flynn, Mr. John",1,-0.10463740114712752,0,0,368323,-0.5084855775921673,,1
827,0,3,"Lam, Mr. Len",1,-0.10463740114712752,0,0,1601,0.48910360681684706,,2
828,1,2,"Mallet, Master. Andre",1,-2.1795831708219895,0,2,S.C./PARIS 2079,0.09664633805084172,,0
829,1,3,"McCormack, Mr. Thomas Joseph",1,-0.10463740114712752,0,0,367228,-0.49237782784290063,,1
830,1,1,"Stone, Mrs. George Nelson (Martha Evelyn)",0,2.5082572717767726,0,0,113572,0.962353321387736,B28,2
831,1,3,"Yasbeck, Mrs. Antoni (Selini Alexander)",0,-1.1036853643239128,1,0,2659,-0.3573908580066095,,0
832,1,2,"Richards, Master. George Sibley",1,-2.192647644186609,1,1,29106,-0.2708962687904854,,2
833,0,3,"Saad, Mr. Amin",1,-0.10463740114712752,0,0,2671,-0.5028639729296732,,0
834,0,3,"Augustsson, Mr. Albert",1,-0.48888661775358344,0,0,347468,-0.4902797934380587,,2
835,0,3,"Allum, Mr. Owen George",1,-0.8731358343600393,0,0,2223,-0.48130374989027985,,2
836,1,1,"Compton, Miss. Sara Rebecca",0,0.7407108753870755,1,1,PC 17756,1.0259447039291216,E49,0
837,0,3,"Pasic, Mr. Jakob",1,-0.6425863043961658,0,0,315097,-0.47400492578514347,,2
838,0,3,"Sirota, Mr. Maurice",1,-0.10463740114712752,0,0,392092,-0.4863374216869257,,2
839,1,3,"Chip, Mr. Chang",1,0.20276197213803718,0,0,1601,0.48910360681684706,,2
840,1,1,"Marechal, Mr. Pierre",1,-0.10463740114712752,0,0,11774,-0.05042144409739929,C47,0
841,0,3,"Alhomaki, Mr. Ilmari Rudolf",1,-0.719436147717457,0,0,SOTON/O2 3101287,-0.4888542575852486,,2
842,0,2,"Mudd, Mr. Thomas Charles",1,-1.0268355210026217,0,0,S.O./P.P. 3,-0.43700743807979686,,2
843,1,1,"Serepeca, Miss. Augusta",0,0.04906228549545483,0,0,113798,-0.024246350754841113,,0
844,0,3,"Lemberopolous, Mr. Peter L",1,0.3948865804412651,0,0,2683,-0.5188046047752911,,0
845,0,3,"Culumovic, Mr. Jeso",1,-0.9499856776813305,0,0,315090,-0.47400492578514347,,2
846,0,3,"Abbing, Mr. Anthony",1,0.9712604053509489,0,0,C.A. 5547,-0.49640476528021726,,2
847,0,3,"Sage, Mr. Douglas Bullen",1,-0.10463740114712752,8,2,CA. 2343,0.7519458402879414,,2
848,0,3,"Markoff, Mr. Marin",1,0.4333115021019107,0,0,349213,-0.4894421904510968,,0
849,0,2,"Harper, Rev. John",1,-0.10463740114712752,0,1,248727,0.016023023618325298,,2
850,1,1,"Goldenberg, Mrs. Samuel L (Edwiga Grabowska)",0,-0.10463740114712752,1,0,17453,1.145663540471827,C92,0
851,0,3,"Andersson, Master. Sigvard Harald Elias",1,-1.949033640858116,4,2,347082,-0.01870931177853076,,2
852,0,3,"Svensson, Mr. Johan",1,3.430455391632267,0,0,347060,-0.4918744606632361,,2
853,0,3,"Boulos, Miss. Nourelain",0,-1.56478442425166,1,1,2678,-0.3414522396297103,,0
854,1,1,"Lines, Miss. Mary Conover",0,-1.0268355210026217,0,1,PC 17592,0.14488502161245778,D28,2
855,0,2,"Carter, Mrs. Ernest Courtenay (Lilian Hughes)",0,1.1249600919935314,1,0,244252,-0.12491978668775715,,2
856,1,3,"Aks, Mrs. Sam (Leah Rosen)",0,-0.8731358343600393,0,1,392091,-0.4601623283443675,,2
857,1,1,"Wick, Mrs. George Dennick (Mary Hitchcock)",0,1.2018099353148226,1,1,36928,2.671117778445337,,2
858,1,1,"Daly, Mr. Peter Denis ",1,1.6629089952425695,0,0,113055,-0.11384570873513637,E17,2
859,1,3,"Baclini, Mrs. Solomon (Latifa Qurban)",0,-0.41203677443229225,0,3,2666,-0.26066180729354516,,0
860,0,3,"Razi, Mr. Raihed",1,-0.10463740114712752,0,0,2629,-0.5028639729296732,,0
861,0,3,"Hansen, Mr. Claus Peter",1,0.8944105620296577,2,0,350026,-0.36435544630444866,,2
862,0,2,"Giles, Mr. Frederick Edward",1,-0.6425863043961658,1,0,28134,-0.41687275089321363,,2
863,1,1,"Swift, Mrs. Frederick Joel (Margaret Welles Barron)",0,1.432359465278696,0,0,17466,-0.1263453225405672,D17,2
864,0,3,"Sage, Miss. Dorothy Edith ""Dolly""",0,-0.10463740114712752,8,2,CA. 2343,0.7519458402879414,,2
865,0,2,"Gill, Mr. John William",1,-0.41203677443229225,0,0,233866,-0.3866707201133388,,2
866,1,2,"Bystrom, Mrs. (Karolina)",0,0.9712604053509489,0,0,236852,-0.3866707201133388,,2
867,1,2,"Duran y More, Miss. Asuncion",0,-0.1814872444684187,1,0,SC/PARIS 2149,-0.3693891181010945,,0
868,0,1,"Roebling, Mr. Washington Augustus II",1,0.12591212881674602,0,0,PC 17590,0.3682954836973478,A24,2
869,0,3,"van Melkebeke, Mr. Philemon",1,-0.10463740114712752,0,0,345777,-0.45714212526638004,,2
870,1,3,"Johnson, Master. Harold Theodor",1,-1.949033640858116,1,1,347742,-0.4242561406845337,,2
871,0,3,"Balkic, Mr. Cerin",1,-0.2583370877897099,0,0,349248,-0.4894421904510968,,2
872,1,1,"Beckwith, Mrs. Richard Leonard (Sallie Monypeny)",0,1.3555096219574048,1,1,11751,0.40974072380221066,D35,2
873,0,1,"Carlsson, Mr. Frans Olof",1,0.27961181545932834,0,0,695,-0.5477482176060045,B51 B53 B55,2
874,0,3,"Vander Cruyssen, Mr. Victor",1,1.3555096219574048,0,0,345765,-0.46720946885967163,,2
875,1,2,"Abelson, Mrs. Samuel (Hannah Wizosky)",0,-0.10463740114712752,1,0,P/PP 3381,-0.16518916106092355,,0
876,1,3,"Najib, Miss. Adele Kiamie ""Jane""",0,-1.1036853643239128,0,0,2667,-0.5029485386158568,,0
877,0,3,"Gustafsson, Mr. Alfred Ossian",1,-0.719436147717457,0,0,7534,-0.45017955043725955,,2
878,0,3,"Petroff, Mr. Nedelio",1,-0.7962859910387481,0,0,349212,-0.4894421904510968,,2
879,0,3,"Laleff, Mr. Kristo",1,-0.10463740114712752,0,0,349217,-0.4894421904510968,,2
880,1,1,"Potter, Mrs. Thomas Jr (Lily Alexenia Wilson)",0,2.0471582118490255,0,1,11767,1.0259447039291216,C50,0
881,1,2,"Shelley, Mrs. William (Imanita Parrish Hall)",0,-0.33518693111100106,0,1,230433,-0.12491978668775715,,2
882,0,3,"Markun, Mr. Johann",1,0.27961181545932834,0,0,349257,-0.4894421904510968,,2
883,0,3,"Dahlberg, Miss. Gerda Ulrika",0,-0.5657364610748746,0,0,7552,-0.4366711888037809,,2
884,0,2,"Banfield, Mr. Frederick James",1,-0.10463740114712752,0,0,C.A./SOTON 34068,-0.43700743807979686,,2
885,0,3,"Sutehall, Mr. Henry Jr",1,-0.33518693111100106,0,0,SOTON/OQ 392076,-0.5064721088735089,,2
886,0,3,"Rice, Mrs. William (Margaret Norton)",0,0.7407108753870755,0,5,382652,-0.06199888922968463,,1
887,0,2,"Montvila, Rev. Juozas",1,-0.1814872444684187,0,0,211536,-0.3866707201133388,,2
888,1,1,"Graham, Miss. Margaret Edith",0,-0.7962859910387481,0,0,112053,-0.04438103794142432,B42,2
889,0,3,"Johnston, Miss. Catherine Helen ""Carrie""",0,-0.10463740114712752,1,2,W./C. 6607,-0.17626323901354432,,2
890,1,1,"Behr, Mr. Karl Howell",1,-0.2583370877897099,0,0,111369,-0.04438103794142432,C148,0
891,0,3,"Dooley, Mr. Patrick",1,0.20276197213803718,0,0,370376,-0.49237782784290063,,1
